post_id,run_id,scraped_at,price,year,make,model,mileage,body_type,color,condition,title_status,city,state,number_of_owners,seller_type,llm_provider,llm_model,llm_ts,source_txt
7919994197,20260326140018,2026-03-26T14:00:18Z,25000,2001,Ford,Mustang GT,6793,coupe,yellow,like new,clean,,,,,vertex,gemini-2.5-flash,2026-03-26T14:58:15.629012Z,scrapes/20260326140018/7919994197.txt
7920019541,20260326150006,2026-03-26T15:00:06Z,1950,2012,Chrysler,town & country,165000,minivan,,good,clean,,,,,vertex,gemini-2.5-flash,2026-03-26T15:12:04.230650Z,scrapes/20260326150006/7920019541.txt
7920234052,20260326220006,2026-03-26T22:00:06Z,3400,2011,Honda,Civic,56000,sedan,white,excellent,clean,,,,,vertex,gemini-2.5-flash,2026-03-26T22:12:17.734448Z,scrapes/20260326220006/7920234052.txt
7920279528,20260326220006,2026-03-26T22:00:06Z,9998,2016,Subaru,Crosstrek,147973,Wagon,White,,clean,,,,,vertex,gemini-2.5-flash,2026-03-26T22:12:21.584331Z,scrapes/20260326220006/7920279528.txt
7920404383,20260326180046,2026-03-26T18:00:46Z,5500,1995,chevrolet,camaro,188000,hatchback,Plum purple,excellent,missing,,,,,vertex,gemini-2.5-flash,2026-03-26T18:12:21.118381Z,scrapes/20260326180046/7920404383.txt
7920427485,20260327130020,2026-03-27T13:00:20Z,6985,2009,Volkswagen,Eos Komfort Convertible,65000,convertible,black,excellent,clean,,,,,vertex,gemini-2.5-flash,2026-03-27T13:12:17.789571Z,scrapes/20260327130020/7920427485.txt
7920431821,20260327080052,2026-03-27T08:00:52Z,9885,2015,Infiniti,QX60,123000,SUV,silver,excellent,clean,,,,,vertex,gemini-2.5-flash,2026-03-27T08:12:17.247139Z,scrapes/20260327080052/7920431821.txt
7920512453,20260327090006,2026-03-27T09:00:06Z,13900,2015,Audi,S5,102989,convertible,blue,good,clean,,,,,vertex,gemini-2.5-flash,2026-03-27T09:12:20.447577Z,scrapes/20260327090006/7920512453.txt
7920756738,20260328140033,2026-03-28T14:00:33Z,4900,2006,Acura,MDX,145102,SUV,white,,clean,,,,,vertex,gemini-2.5-flash,2026-03-28T14:12:20.660246Z,scrapes/20260328140033/7920756738.txt
7920757848,20260330080019,2026-03-30T08:00:19Z,11900,2014,Acura,MDX,145379,SUV,blue,Used,clean,,,,,vertex,gemini-2.5-flash,2026-03-30T08:12:27.237271Z,scrapes/20260330080019/7920757848.txt
7920862034,20260330130024,2026-03-30T13:00:24Z,8495,2016,Subaru,Impreza,135000,sedan,,good,clean,,,,,vertex,gemini-2.5-flash,2026-03-30T13:12:18.871745Z,scrapes/20260330130024/7920862034.txt
7921142645,20260331110006,2026-03-31T11:00:06Z,1800,2007,nissan,pathfinder,168000,SUV,grey,fair,clean,,,,,vertex,gemini-2.5-flash,2026-03-31T11:12:19.019343Z,scrapes/20260331110006/7921142645.txt
7921157800,20260331120035,2026-03-31T12:00:35Z,7995,2006,Mercedes-Benz,CLS 500,76859,sedan,blue,excellent,clean,,,,,vertex,gemini-2.5-flash,2026-03-31T12:12:20.616321Z,scrapes/20260331120035/7921157800.txt
7921158081,20260331110006,2026-03-31T11:00:06Z,15495,2008,Ford,F-550 Super Duty,97458,truck,red,excellent,clean,,,,,vertex,gemini-2.5-flash,2026-03-31T11:12:21.143597Z,scrapes/20260331110006/7921158081.txt
7921159025,20260331120035,2026-03-31T12:00:35Z,8995,2016,Chrysler,300c,128235,sedan,red,excellent,clean,,,,,vertex,gemini-2.5-flash,2026-03-31T12:12:23.970278Z,scrapes/20260331120035/7921159025.txt
7921159155,20260331130038,2026-03-31T13:00:38Z,10495,2017,buick,enclave,107147,SUV,red,excellent,clean,,,,,vertex,gemini-2.5-flash,2026-03-31T13:12:21.078618Z,scrapes/20260331130038/7921159155.txt
7921198965,20260331130038,2026-03-31T13:00:38Z,21700,2022,Toyota,Camry SE,70610,sedan,grey,excellent,clean,,,,,vertex,gemini-2.5-flash,2026-03-31T13:12:23.282551Z,scrapes/20260331130038/7921198965.txt
7921260136,20260331080026,2026-03-31T08:00:26Z,8885,2014,Subaru,Outback Limited AWD Wagon,128000,Wagon,blue,good,clean,,,,,vertex,gemini-2.5-flash,2026-03-31T08:12:29.220390Z,scrapes/20260331080026/7921260136.txt
7921457439,20260402160027,2026-04-02T16:00:27Z,10250,2020,Nissan,Pathfinder S,111432,SUV,black,excellent,clean,North Branford,CT,,private seller,vertex,gemini-2.5-flash,2026-04-02T16:12:24.511460Z,scrapes/20260402160027/7921457439.txt
7921492065,20260327180018,2026-03-27T18:00:18Z,2800,2005,toyota,camry,220000,sedan,,good,clean,,,,,vertex,gemini-2.5-flash,2026-03-27T18:12:47.482573Z,scrapes/20260327180018/7921492065.txt
7921493644,20260327190020,2026-03-27T19:00:20Z,7800,2009,chevrolet,silverado 1500,150000,truck,,excellent,clean,,,,,vertex,gemini-2.5-flash,2026-03-27T19:12:43.107583Z,scrapes/20260327190020/7921493644.txt
7921578505,20260401110017,2026-04-01T11:00:17Z,2200,1993,Buick,regal custom coupe,54600,coupe,,excellent,clean,,,,,vertex,gemini-2.5-flash,2026-04-01T11:12:28.054069Z,scrapes/20260401110017/7921578505.txt
7921603068,20260402080020,2026-04-02T08:00:20Z,14900,2017,Lincoln,MKT Limousine,190964,Limousine,black,good,clean,,,,,vertex,gemini-2.5-flash,2026-04-02T08:12:25.218538Z,scrapes/20260402080020/7921603068.txt
7921614617,20260402100016,2026-04-02T10:00:16Z,5900,2008,Toyota,Corolla,139374,sedan,gold,,clean,,,,,vertex,gemini-2.5-flash,2026-04-02T10:12:21.355594Z,scrapes/20260402100016/7921614617.txt
7921640793,20260402150015,2026-04-02T15:00:15Z,18000,2012,Mercedes-Benz,S-class S550,68000,sedan,black,like new,clean,Madison,CT,,private seller,vertex,gemini-2.5-flash,2026-04-02T15:12:21.845136Z,scrapes/20260402150015/7921640793.txt
7921820814,20260402130024,2026-04-02T13:00:24Z,59000,2019,Ford,F450 Super Duty,131000,truck,black,excellent,clean,,,,,vertex,gemini-2.5-flash,2026-04-02T13:12:41.203308Z,scrapes/20260402130024/7921820814.txt
7921847519,20260402160027,2026-04-02T16:00:27Z,1600,2012,chrysler,town & country,166000,minivan,custom,good,clean,Bridgeport,CT,,private seller,vertex,gemini-2.5-flash,2026-04-02T16:12:44.733687Z,scrapes/20260402160027/7921847519.txt
7922056251,20260402120020,2026-04-02T12:00:20Z,5999,2004,Chevy,Silverado 2500,200000,truck,,,clean,,,,,vertex,gemini-2.5-flash,2026-04-02T12:12:41.725197Z,scrapes/20260402120020/7922056251.txt
7922107506,20260402090038,2026-04-02T09:00:38Z,3288,2002,Dodge,Neon,150000,,,,clean,,,,,vertex,gemini-2.5-flash,2026-04-02T09:12:40.156237Z,scrapes/20260402090038/7922107506.txt
7922205598,20260402160027,2026-04-02T16:00:27Z,8500,2011,GMC,Savana 1500 Cargo,110885,van,white,fair,clean,Canterbury,CT,,private seller,vertex,gemini-2.5-flash,2026-04-02T16:12:47.324754Z,scrapes/20260402160027/7922205598.txt
7922250160,20260331170007,2026-03-31T17:00:07Z,10200,2014,chevy,tahoe,155000,SUV,silver,like new,clean,,,,,vertex,gemini-2.5-flash,2026-03-31T17:12:47.364277Z,scrapes/20260331170007/7922250160.txt
7922401745,20260402180016,2026-04-02T18:00:16Z,68993,2023,Chrysler,Pacifica Touring L,20228,minivan,Brilliant Blue,like new,clean,Hudson,NH,,dealer,vertex,gemini-2.5-flash,2026-04-02T18:12:43.450688Z,scrapes/20260402180016/7922401745.txt
7922420256,20260402170026,2026-04-02T17:00:26Z,2600,1998,Toyota,Camry,168000,sedan,,good,clean,Berlin,CT,,private seller,vertex,gemini-2.5-flash,2026-04-02T17:33:37.400855Z,scrapes/20260402170026/7922420256.txt
7922483601,20260331120035,2026-03-31T12:00:35Z,8500,2011,Chevrolet,Tahoe,178907,SUV,red,Used,clean,,,,,vertex,gemini-2.5-flash,2026-03-31T12:13:25.003522Z,scrapes/20260331120035/7922483601.txt
7922501024,20260402130024,2026-04-02T13:00:24Z,44500,1940,Ford,Coupe Deluxe,,coupe,red,excellent,clean,,,,,vertex,gemini-2.5-flash,2026-04-02T13:12:56.124678Z,scrapes/20260402130024/7922501024.txt
7922507145,20260331130038,2026-03-31T13:00:38Z,10850,2015,Ford,Fusion,92276,sedan,black,Used,clean,,,,,vertex,gemini-2.5-flash,2026-03-31T13:14:00.255173Z,scrapes/20260331130038/7922507145.txt
7922507523,20260402160027,2026-04-02T16:00:27Z,13800,2019,Audi,A4,71241,sedan,black,Used,clean,Bridgeport,CT,,dealer,vertex,gemini-2.5-flash,2026-04-02T16:13:06.917656Z,scrapes/20260402160027/7922507523.txt
7922507838,20260331030023,2026-03-31T03:00:23Z,9400,2015,Honda,Civic Sedan,130759,sedan,blue,,clean,,,,,vertex,gemini-2.5-flash,2026-03-31T03:13:02.003359Z,scrapes/20260331030023/7922507838.txt
7922688678,20260326200036,2026-03-26T20:00:36Z,6900,2012,Honda,Accord LX,150492,sedan,black,excellent,clean,,,,,vertex,gemini-2.5-flash,2026-03-26T20:15:05.291155Z,scrapes/20260326200036/7922688678.txt
7922813137,20260402150015,2026-04-02T15:00:15Z,5999,2009,Honda,accord,120000,sedan,grey,excellent,clean,Stratford,CT,,private seller,vertex,gemini-2.5-flash,2026-04-02T15:13:33.814656Z,scrapes/20260402150015/7922813137.txt
7922813805,20260402130024,2026-04-02T13:00:24Z,7500,2015,Honda,Accord,149000,sedan,black,excellent,clean,,,,,vertex,gemini-2.5-flash,2026-04-02T13:13:51.804216Z,scrapes/20260402130024/7922813805.txt
7922902947,20260402090038,2026-04-02T09:00:38Z,4000,2003,nissan,altima,84000,sedan,brown,excellent,clean,,,,,vertex,gemini-2.5-flash,2026-04-02T09:14:01.762599Z,scrapes/20260402090038/7922902947.txt
7922959941,20260402130024,2026-04-02T13:00:24Z,25000,1976,chevrolet,camaro,139000,coupe,blue,excellent,clean,,,,,vertex,gemini-2.5-flash,2026-04-02T13:14:07.458196Z,scrapes/20260402130024/7922959941.txt
7923189477,20260402180016,2026-04-02T18:00:16Z,9800,2013,Lexus,RX 350,168000,SUV,,like new,clean,West Hartford,CT,,dealer,vertex,gemini-2.5-flash,2026-04-02T18:14:27.158414Z,scrapes/20260402180016/7923189477.txt
7923252224,20260402110015,2026-04-02T11:00:15Z,3300,2010,hyundia,elantra,133500,sedan,grey,good,clean,,,,,vertex,gemini-2.5-flash,2026-04-02T11:13:51.562937Z,scrapes/20260402110015/7923252224.txt
7923269589,20260402150015,2026-04-02T15:00:15Z,13800,2015,Cadillac,ATS Sedan,80600,Sedan,Tan Silver Coast Metallic,,clean,Stamford,CT,,dealer,vertex,gemini-2.5-flash,2026-04-02T15:14:35.014681Z,scrapes/20260402150015/7923269589.txt
7923456476,20260402070006,2026-04-02T07:00:06Z,3995,2012,Kia,Rio,95000,sedan,red,good,clean,,,,,vertex,gemini-2.5-flash,2026-04-02T07:14:02.235374Z,scrapes/20260402070006/7923456476.txt
7923525504,20260402180016,2026-04-02T18:00:16Z,5000,2012,nissan,altima 2.5 sl,140000,,black,excellent,clean,Derby,CT,,dealer,vertex,gemini-2.5-flash,2026-04-02T18:15:26.267832Z,scrapes/20260402180016/7923525504.txt
7923529166,20260330080019,2026-03-30T08:00:19Z,3950,2007,ford,E250,128000,van,white,excellent,clean,,,,,vertex,gemini-2.5-flash,2026-03-30T08:15:34.499130Z,scrapes/20260330080019/7923529166.txt
7920050164,20260326190027,2026-03-26T19:00:27Z,5900,2015,chevy,city express,157000,van,white,excellent,clean,,,,,vertex,gemini-2.5-flash,2026-03-26T19:12:21.713679Z,scrapes/20260326190027/7920050164.txt
7920350208,20260326150006,2026-03-26T15:00:06Z,3900,2013,Subaru,Impreza,150000,hatchback,,,clean,,,,,vertex,gemini-2.5-flash,2026-03-26T15:12:40.307418Z,scrapes/20260326150006/7920350208.txt
7920442045,20260327120013,2026-03-27T12:00:13Z,4000,2009,Infiniti,QX56,275000,SUV,white,good,clean,,,,,vertex,gemini-2.5-flash,2026-03-27T12:12:19.632036Z,scrapes/20260327120013/7920442045.txt
7920649827,20260327160035,2026-03-27T16:00:35Z,4500,2008,honda,pilot ex,145000,SUV,,good,clean,,,,,vertex,gemini-2.5-flash,2026-03-27T16:12:19.835551Z,scrapes/20260327160035/7920649827.txt
7920755945,20260327140009,2026-03-27T14:00:09Z,1250,2005,Ford,Escape,183000,SUV,blue,good,clean,,,,,vertex,gemini-2.5-flash,2026-03-27T14:12:25.439817Z,scrapes/20260327140009/7920755945.txt
7920756308,20260328060014,2026-03-28T06:00:14Z,10000,2008,ford,f-350 super duty,126000,truck,white,excellent,clean,,,,,vertex,gemini-2.5-flash,2026-03-28T06:12:25.018885Z,scrapes/20260328060014/7920756308.txt
7920857183,20260330090022,2026-03-30T09:00:22Z,13000,2020,Toyota,Corolla LE,60249,sedan,blue,excellent,clean,,,,,vertex,gemini-2.5-flash,2026-03-30T09:12:19.252031Z,scrapes/20260330090022/7920857183.txt
7921075364,20260331100015,2026-03-31T10:00:15Z,5500,2011,Mercedes,ML350,180000,SUV,,good,clean,,,,,vertex,gemini-2.5-flash,2026-03-31T10:12:19.011041Z,scrapes/20260331100015/7921075364.txt
7921158442,20260331130038,2026-03-31T13:00:38Z,6495,2013,Nissan,Altima,127789,sedan,white,excellent,clean,,,,,vertex,gemini-2.5-flash,2026-03-31T13:12:18.405969Z,scrapes/20260331130038/7921158442.txt
7921159876,20260331040023,2026-03-31T04:00:23Z,12495,2013,mercedes-benz,e-class,124060,coupe,black,excellent,clean,,,,,vertex,gemini-2.5-flash,2026-03-31T04:12:25.035133Z,scrapes/20260331040023/7921159876.txt
7921191293,20260331120035,2026-03-31T12:00:35Z,6500,2002,ford,f-150,118500,truck,green,good,clean,,,,,vertex,gemini-2.5-flash,2026-03-31T12:12:27.013774Z,scrapes/20260331120035/7921191293.txt
7921215068,20260331130038,2026-03-31T13:00:38Z,,2022,acura,tlx,30000,sedan,,,clean,,,,,vertex,gemini-2.5-flash,2026-03-31T13:12:38.217884Z,scrapes/20260331130038/7921215068.txt
7921613873,20260402180016,2026-04-02T18:00:16Z,4700,2014,volkswagen,Jetta SE,158000,sedan,blue,good,clean,Middlebury,CT,1,private seller,vertex,gemini-2.5-flash,2026-04-02T18:12:21.420813Z,scrapes/20260402180016/7921613873.txt
7921688351,20260402170026,2026-04-02T17:00:26Z,3288,2002,Dodge,Neon,150000,,,,clean,Wallingford,CT,,dealer,vertex,gemini-2.5-flash,2026-04-02T17:33:11.174432Z,scrapes/20260402170026/7921688351.txt
7921740355,20260402130024,2026-04-02T13:00:24Z,9998,2015,Subaru,Forester,131732,Wagon,Black,Used,clean,,,,,vertex,gemini-2.5-flash,2026-04-02T13:12:33.364881Z,scrapes/20260402130024/7921740355.txt
7921888310,20260402100016,2026-04-02T10:00:16Z,3000,2013,infiniti,g37x,179282,sedan,white,good,clean,,,,,vertex,gemini-2.5-flash,2026-04-02T10:12:31.557491Z,scrapes/20260402100016/7921888310.txt
7922176112,20260402150015,2026-04-02T15:00:15Z,9885,2016,BMW,X3,124000,SUV,white,excellent,clean,Branford,CT,1,private seller,vertex,gemini-2.5-flash,2026-04-02T15:12:34.119328Z,scrapes/20260402150015/7922176112.txt
7922411334,20260401230010,2026-04-01T23:00:10Z,8999,2014,Subaru,XV Crosstrek Hybrid AWD,120228,hatchback,green,good,clean,,,,,vertex,gemini-2.5-flash,2026-04-01T23:12:52.281708Z,scrapes/20260401230010/7922411334.txt
7922452370,20260402130024,2026-04-02T13:00:24Z,2500,2002,Chevrolet,Impala,168886,sedan,,fair,clean,,,,,vertex,gemini-2.5-flash,2026-04-02T13:12:47.444926Z,scrapes/20260402130024/7922452370.txt
7922507170,20260330230017,2026-03-30T23:00:17Z,14850,2018,INFINITI,Q50,139096,sedan,white,,clean,,,,,vertex,gemini-2.5-flash,2026-03-30T23:13:59.440430Z,scrapes/20260330230017/7922507170.txt
7922507666,20260331110006,2026-03-31T11:00:06Z,12850,2016,Dodge,Grand Caravan,48019,minivan,blue,Used,clean,,,,,vertex,gemini-2.5-flash,2026-03-31T11:13:33.990458Z,scrapes/20260331110006/7922507666.txt
7922507737,20260402180016,2026-04-02T18:00:16Z,8900,2017,Hyundai,Elantra,105189,sedan,red,Used,clean,Bridgeport,CT,,dealer,vertex,gemini-2.5-flash,2026-04-02T18:12:53.677224Z,scrapes/20260402180016/7922507737.txt
7922673481,20260402180016,2026-04-02T18:00:16Z,1550,2012,Chrysler,Town & Country,166000,minivan,,good,clean,Bridgeport,CT,,private seller,vertex,gemini-2.5-flash,2026-04-02T18:13:46.653390Z,scrapes/20260402180016/7922673481.txt
7922689259,20260326170025,2026-03-26T17:00:25Z,8900,2014,Volkswagen,Passat,85972,sedan,grey,excellent,clean,,,,,vertex,gemini-2.5-flash,2026-03-26T17:15:14.504614Z,scrapes/20260326170025/7922689259.txt
7922693133,20260326210012,2026-03-26T21:00:12Z,5900,2016,Ford,Fiesta S,88133,sedan,white,excellent,clean,,,,,vertex,gemini-2.5-flash,2026-03-26T21:15:18.629811Z,scrapes/20260326210012/7922693133.txt
7922723123,20260402140006,2026-04-02T14:00:06Z,48920,2018,Lexus,LC 500,19539,,,excellent,clean,New Haven,CT,,dealer,vertex,gemini-2.5-flash,2026-04-02T14:14:12.364071Z,scrapes/20260402140006/7922723123.txt
7922869991,20260402160027,2026-04-02T16:00:27Z,14500,2017,Ram,ProMaster 2500,173128,van,white,excellent,clean,Cheshire,CT,,private seller,vertex,gemini-2.5-flash,2026-04-02T16:14:38.745096Z,scrapes/20260402160027/7922869991.txt
7922939454,20260402120020,2026-04-02T12:00:20Z,88993,2024,RAM,PROMASTER 2500 159 WB,25,van,white,new,clean,,,,,vertex,gemini-2.5-flash,2026-04-02T12:13:53.621883Z,scrapes/20260402120020/7922939454.txt
7922970432,20260402160027,2026-04-02T16:00:27Z,8995,2004,Mercedes-Benz,S500 4Matic,80982,sedan,black,like new,clean,West Haven,CT,,dealer,vertex,gemini-2.5-flash,2026-04-02T16:15:07.999049Z,scrapes/20260402160027/7922970432.txt
7923005029,20260402180016,2026-04-02T18:00:16Z,3900,2012,Mazda,5,172000,van,grey,excellent,clean,Shelton,CT,,private seller,vertex,gemini-2.5-flash,2026-04-02T18:14:11.869177Z,scrapes/20260402180016/7923005029.txt
7923062721,20260402150015,2026-04-02T15:00:15Z,7999,2013,Honda,Civic,112885,sedan,blue,excellent,clean,Manchester,NH,2,dealer,vertex,gemini-2.5-flash,2026-04-02T15:14:11.614559Z,scrapes/20260402150015/7923062721.txt
7923077861,20260331190007,2026-03-31T19:00:07Z,5500,2015,ford,fusion se,142000,sedan,white,excellent,clean,,,,,vertex,gemini-2.5-flash,2026-03-31T19:14:32.053879Z,scrapes/20260331190007/7923077861.txt
7923197043,20260402060006,2026-04-02T06:00:06Z,9998,2015,Subaru,XV Crosstrek,154359,SUV,Gray,Used,clean,,,,,vertex,gemini-2.5-flash,2026-04-02T06:13:52.957620Z,scrapes/20260402060006/7923197043.txt
7923279122,20260329190011,2026-03-29T19:00:11Z,2000,2022,acura,tlx,30000,sedan,,,clean,,,,,vertex,gemini-2.5-flash,2026-03-29T19:15:37.453342Z,scrapes/20260329190011/7923279122.txt
7923303801,20260331160030,2026-03-31T16:00:30Z,5200,2014,Dodge,Grand Caravan SXT,109000,minivan,black,excellent,clean,,,,,vertex,gemini-2.5-flash,2026-03-31T16:14:42.409477Z,scrapes/20260331160030/7923303801.txt
7923400592,20260326150006,2026-03-26T15:00:06Z,2500,2011,subaru,forester,199000,SUV,silver,good,clean,,,,,vertex,gemini-2.5-flash,2026-03-26T15:18:10.408176Z,scrapes/20260326150006/7923400592.txt
7923612482,20260327170005,2026-03-27T17:00:05Z,5000,1991,Volvo,240,300000,wagon,,excellent,clean,,,,,vertex,gemini-2.5-flash,2026-03-27T17:16:23.249867Z,scrapes/20260327170005/7923612482.txt
7923643535,20260402070006,2026-04-02T07:00:06Z,5485,2013,Volvo,S60 T5 Sport Sedan,101000,sedan,white,excellent,clean,,,,,vertex,gemini-2.5-flash,2026-04-02T07:14:19.501492Z,scrapes/20260402070006/7923643535.txt
7923643545,20260329010010,2026-03-29T01:00:10Z,6950,2017,Kia,Sportage,105000,SUV,silver,excellent,clean,,,,,vertex,gemini-2.5-flash,2026-03-29T01:14:43.598841Z,scrapes/20260329010010/7923643545.txt
7919880815,20260326160038,2026-03-26T16:00:38Z,4400,2008,cadillac,escalade,250000,SUV,,,clean,,,,,vertex,gemini-2.5-flash,2026-03-26T16:12:30.351868Z,scrapes/20260326160038/7919880815.txt
7920208963,20260326190027,2026-03-26T19:00:27Z,3288,2002,Dodge,Neon,150000,,,,clean,,,,,vertex,gemini-2.5-flash,2026-03-26T19:12:29.188992Z,scrapes/20260326190027/7920208963.txt
7920529446,20260327130020,2026-03-27T13:00:20Z,4995,2011,Nissan,Sentra SR,126000,,,like new,clean,,,,,vertex,gemini-2.5-flash,2026-03-27T13:12:22.103175Z,scrapes/20260327130020/7920529446.txt
7920771207,20260330220036,2026-03-30T22:00:36Z,10885,2016,GMC,Acadia,110000,SUV,black,excellent,clean,,,,,vertex,gemini-2.5-flash,2026-03-30T22:12:16.972818Z,scrapes/20260330220036/7920771207.txt
7920833286,20260330190019,2026-03-30T19:00:19Z,13000,2005,Dodge,Ram 2500,216000,pickup,white,good,clean,,,,,vertex,gemini-2.5-flash,2026-03-30T19:12:15.794511Z,scrapes/20260330190019/7920833286.txt
7921417422,20260402160027,2026-04-02T16:00:27Z,4900,2006,Saab,9-2X Aero,140000,hatchback,grey,good,clean,Branford,CT,2,dealer,vertex,gemini-2.5-flash,2026-04-02T16:12:20.199363Z,scrapes/20260402160027/7921417422.txt
7921444253,20260402090038,2026-04-02T09:00:38Z,3288,2002,Dodge,Neon,150000,,,,clean,,,,,vertex,gemini-2.5-flash,2026-04-02T09:12:18.198071Z,scrapes/20260402090038/7921444253.txt
7921492564,20260328060014,2026-03-28T06:00:14Z,6500,2014,Subaru,Impreza,104000,hatchback,,excellent,clean,,,,,vertex,gemini-2.5-flash,2026-03-28T06:12:43.455564Z,scrapes/20260328060014/7921492564.txt
7921614684,20260330230017,2026-03-30T23:00:17Z,59000,1969,Chevrolet,Camaro,4664,,blue,Used,clean,,,,,vertex,gemini-2.5-flash,2026-03-30T23:12:39.072866Z,scrapes/20260330230017/7921614684.txt
7921873546,20260402150015,2026-04-02T15:00:15Z,5000,2003,jeep,liberty sport 4x4,48000,truck,,like new,clean,Derby,CT,,dealer,vertex,gemini-2.5-flash,2026-04-02T15:12:29.191329Z,scrapes/20260402150015/7921873546.txt
7922045837,20260402110015,2026-04-02T11:00:15Z,4500,2008,Honda,CR-V,166657,SUV,black,good,clean,,,,,vertex,gemini-2.5-flash,2026-04-02T11:12:48.362246Z,scrapes/20260402110015/7922045837.txt
7922279684,20260402140006,2026-04-02T14:00:06Z,4900,2015,Nissan,Rogue S,133000,SUV,black,excellent,clean,Shelton,CT,,private seller,vertex,gemini-2.5-flash,2026-04-02T14:12:26.205547Z,scrapes/20260402140006/7922279684.txt
7922385577,20260402060006,2026-04-02T06:00:06Z,47500,2019,Mercedes Benz,AMG GLE 43 Coupe,74648,coupe,black,like new,clean,,,,,vertex,gemini-2.5-flash,2026-04-02T06:12:36.779592Z,scrapes/20260402060006/7922385577.txt
7922410662,20260402170026,2026-04-02T17:00:26Z,9499,2016,Toyota,Prius Two,173177,hatchback,silver,good,clean,Bethany,CT,1,dealer,vertex,gemini-2.5-flash,2026-04-02T17:33:34.734193Z,scrapes/20260402170026/7922410662.txt
7922483516,20260331130038,2026-03-31T13:00:38Z,12300,2014,Ford,Econoline Cargo Van e-250,91374,van,white,,clean,,,,,vertex,gemini-2.5-flash,2026-03-31T13:13:51.872607Z,scrapes/20260331130038/7922483516.txt
7922490891,20260402180016,2026-04-02T18:00:16Z,7000,1963,AMC,Rambler Classic,57290,sedan,yellow,excellent,clean,Guilford,CT,,private seller,vertex,gemini-2.5-flash,2026-04-02T18:12:46.795667Z,scrapes/20260402180016/7922490891.txt
7922507293,20260402100016,2026-04-02T10:00:16Z,9700,2011,Ram,Dakota,129550,truck,black,Used,clean,,,,,vertex,gemini-2.5-flash,2026-04-02T10:12:55.234800Z,scrapes/20260402100016/7922507293.txt
7922507589,20260331070006,2026-03-31T07:00:06Z,13500,2011,Lexus,LS 460,115212,sedan,blue,,clean,,,,,vertex,gemini-2.5-flash,2026-03-31T07:13:52.350384Z,scrapes/20260331070006/7922507589.txt
7922507642,20260402180016,2026-04-02T18:00:16Z,8800,2015,Kia,Optima,116669,sedan,silver,,clean,Bridgeport,CT,,dealer,vertex,gemini-2.5-flash,2026-04-02T18:12:50.099504Z,scrapes/20260402180016/7922507642.txt
7922507872,20260402130024,2026-04-02T13:00:24Z,14600,2014,Chevrolet,Silverado 1500,142168,truck,gray,Used,clean,,,,,vertex,gemini-2.5-flash,2026-04-02T13:13:01.699584Z,scrapes/20260402130024/7922507872.txt
7922588638,20260402160027,2026-04-02T16:00:27Z,6900,2015,Subaru,Forester 2.5i Limited AWD,150818,SUV,Silver,like new,clean,Meriden,CT,,dealer,vertex,gemini-2.5-flash,2026-04-02T16:13:58.844429Z,scrapes/20260402160027/7922588638.txt
7922656489,20260328030005,2026-03-28T03:00:05Z,3700,2009,Toyota,Sienna,180000,van,grey,fair,clean,,,,,vertex,gemini-2.5-flash,2026-03-28T03:14:04.307713Z,scrapes/20260328030005/7922656489.txt
7922688851,20260326200036,2026-03-26T20:00:36Z,3900,2013,Nissan,Versa,121347,sedan,grey,excellent,clean,,,,,vertex,gemini-2.5-flash,2026-03-26T20:15:11.960847Z,scrapes/20260326200036/7922688851.txt
7922727165,20260402130024,2026-04-02T13:00:24Z,12500,2018,Ford,F-150,155000,truck,silver,good,clean,,,,,vertex,gemini-2.5-flash,2026-04-02T13:13:28.255411Z,scrapes/20260402130024/7922727165.txt
7922764895,20260402170026,2026-04-02T17:00:26Z,3200,2006,saab,9-3 convertible,145000,convertible,grey,good,clean,New Haven,CT,,private seller,vertex,gemini-2.5-flash,2026-04-02T17:34:33.347859Z,scrapes/20260402170026/7922764895.txt
7922888909,20260402050025,2026-04-02T05:00:25Z,3288,2002,Dodge,Neon,150000,,,,clean,,,,,vertex,gemini-2.5-flash,2026-04-02T05:13:14.626672Z,scrapes/20260402050025/7922888909.txt
7922976931,20260327120013,2026-03-27T12:00:13Z,7400,2010,TOYOTA,CAMRY LE,149000,sedan,,excellent,clean,,,,,vertex,gemini-2.5-flash,2026-03-27T12:16:35.258281Z,scrapes/20260327120013/7922976931.txt
7923269623,20260402180016,2026-04-02T18:00:16Z,14800,2016,BMW,5 Series,100300,Sedan,Black,Good,clean,Stamford,CT,,dealer,vertex,gemini-2.5-flash,2026-04-02T18:14:58.868239Z,scrapes/20260402180016/7923269623.txt
7923455555,20260402160027,2026-04-02T16:00:27Z,5000,2021,Tesla,Model Y,61000,wagon,white,like new,clean,North Haven,CT,,dealer,vertex,gemini-2.5-flash,2026-04-02T16:16:07.644494Z,scrapes/20260402160027/7923455555.txt
7923518061,20260402120020,2026-04-02T12:00:20Z,9885,2016,Nissan,Pathfinder,114000,SUV,blue,excellent,clean,,,,,vertex,gemini-2.5-flash,2026-04-02T12:15:04.121524Z,scrapes/20260402120020/7923518061.txt
7923627347,20260402150015,2026-04-02T15:00:15Z,20250,2023,volkswagen,tiguan,22500,SUV,grey,excellent,clean,New Milford,CT,,private seller,vertex,gemini-2.5-flash,2026-04-02T15:15:35.431931Z,scrapes/20260402150015/7923627347.txt
7920002809,20260326170025,2026-03-26T17:00:25Z,9300,2015,Toyota,Rav4 Limited,175000,SUV,grey,like new,clean,,,,,vertex,gemini-2.5-flash,2026-03-26T17:12:16.796023Z,scrapes/20260326170025/7920002809.txt
7920275706,20260326170025,2026-03-26T17:00:25Z,66900,2026,Chrysler,Pacifica Mini-T Campervan,12,van,,new,clean,,,,,vertex,gemini-2.5-flash,2026-03-26T17:12:23.989147Z,scrapes/20260326170025/7920275706.txt
7920742446,20260327190020,2026-03-27T19:00:20Z,16950,2021,Subaru,Forester,113372,SUV,red,Used,clean,,,,,vertex,gemini-2.5-flash,2026-03-27T19:12:15.493703Z,scrapes/20260327190020/7920742446.txt
7920764833,20260330200006,2026-03-30T20:00:06Z,4500,2008,Audi,A4 Quattro,109000,sedan,,good,clean,,,,,vertex,gemini-2.5-flash,2026-03-30T20:12:15.335420Z,scrapes/20260330200006/7920764833.txt
7920999053,20260331130038,2026-03-31T13:00:38Z,2995,1990,Toyota,Celica GT,140000,,,good,missing,,,,,vertex,gemini-2.5-flash,2026-03-31T13:12:15.401839Z,scrapes/20260331130038/7920999053.txt
7921159322,20260331060038,2026-03-31T06:00:38Z,9495,2020,Subaru,Impreza,123946,wagon,blue,excellent,clean,,,,,vertex,gemini-2.5-flash,2026-03-31T06:12:21.766722Z,scrapes/20260331060038/7921159322.txt
7921210754,20260331130038,2026-03-31T13:00:38Z,56000,1997,Land Rover,Defender 90,10600,SUV,green,excellent,clean,,,,,vertex,gemini-2.5-flash,2026-03-31T13:12:27.052930Z,scrapes/20260331130038/7921210754.txt
7921289360,20260331230007,2026-03-31T23:00:07Z,22500,1951,Ford,Country Squire Wagon,91000,wagon,black,good,clean,,,,,vertex,gemini-2.5-flash,2026-03-31T23:12:25.357045Z,scrapes/20260331230007/7921289360.txt
7921614144,20260402130024,2026-04-02T13:00:24Z,13900,2017,Ford,Explorer,64208,SUV,silver,,clean,,,,,vertex,gemini-2.5-flash,2026-04-02T13:12:19.772683Z,scrapes/20260402130024/7921614144.txt
7922010428,20260402170026,2026-04-02T17:00:26Z,10000,2012,Ford,E-350 Super Duty,198600,van,black,good,clean,Shelton,CT,,private seller,vertex,gemini-2.5-flash,2026-04-02T17:33:21.128743Z,scrapes/20260402170026/7922010428.txt
7922044538,20260402070006,2026-04-02T07:00:06Z,8500,2014,chevrolet,silverado 1500,200526,truck,white,excellent,clean,,,,,vertex,gemini-2.5-flash,2026-04-02T07:12:36.070409Z,scrapes/20260402070006/7922044538.txt
7922165391,20260326180046,2026-03-26T18:00:46Z,4700,2014,Volkswagen,Tiguan,158000,SUV,blue,excellent,clean,,,,,vertex,gemini-2.5-flash,2026-03-26T18:13:19.041785Z,scrapes/20260326180046/7922165391.txt
7922382217,20260402140006,2026-04-02T14:00:06Z,9998,2012,Subaru,Outback,105094,wagon,blue,Used,clean,East Granby,CT,,dealer,vertex,gemini-2.5-flash,2026-04-02T14:12:31.690799Z,scrapes/20260402140006/7922382217.txt
7922394675,20260402180016,2026-04-02T18:00:16Z,9500,2018,Chevrolet,Equinox L,94000,SUV,grey,good,clean,Hamden,CT,1,private seller,vertex,gemini-2.5-flash,2026-04-02T18:12:38.692389Z,scrapes/20260402180016/7922394675.txt
7922507563,20260331070006,2026-03-31T07:00:06Z,13500,2018,BMW,X1,86540,SUV,white,,clean,,,,,vertex,gemini-2.5-flash,2026-03-31T07:13:44.086887Z,scrapes/20260331070006/7922507563.txt
7922507702,20260331110006,2026-03-31T11:00:06Z,15450,2020,Nissan,Rogue,82675,SUV,blue,Used,clean,,,,,vertex,gemini-2.5-flash,2026-03-31T11:13:41.090586Z,scrapes/20260331110006/7922507702.txt
7922548329,20260402090038,2026-04-02T09:00:38Z,25500,1985,Chevrolet,El Camino SS,59000,coupe,black,excellent,clean,,,,,vertex,gemini-2.5-flash,2026-04-02T09:13:05.662391Z,scrapes/20260402090038/7922548329.txt
7922588531,20260402150015,2026-04-02T15:00:15Z,21900,2020,chevrolet,suburban,113946,SUV,white,like new,clean,Meriden,CT,1,dealer,vertex,gemini-2.5-flash,2026-04-02T15:13:03.281930Z,scrapes/20260402150015/7922588531.txt
7922697375,20260326210012,2026-03-26T21:00:12Z,9900,2018,Subaru,Crosstrek,173000,wagon,red,excellent,clean,,,,,vertex,gemini-2.5-flash,2026-03-26T21:15:26.550755Z,scrapes/20260326210012/7922697375.txt
7922723740,20260402080020,2026-04-02T08:00:20Z,29920,2018,Ford,F-150,71621,pickup,,excellent,clean,,,,,vertex,gemini-2.5-flash,2026-04-02T08:13:29.749248Z,scrapes/20260402080020/7922723740.txt
7922825064,20260402090038,2026-04-02T09:00:38Z,2500,2009,Audi,A5 Quattro,215000,coupe,silver,fair,clean,,,,,vertex,gemini-2.5-flash,2026-04-02T09:13:55.163013Z,scrapes/20260402090038/7922825064.txt
7922888763,20260402080020,2026-04-02T08:00:20Z,2800,2004,bmw,3 series,164000,convertible,,,clean,,,,,vertex,gemini-2.5-flash,2026-04-02T08:13:46.884823Z,scrapes/20260402080020/7922888763.txt
7922899953,20260402060006,2026-04-02T06:00:06Z,19900,2023,subaru,forester,113437,SUV,black,like new,clean,,,,,vertex,gemini-2.5-flash,2026-04-02T06:13:21.173206Z,scrapes/20260402060006/7922899953.txt
7923277819,20260402150015,2026-04-02T15:00:15Z,7995,2008,Acura,RDX SH-AWD,131799,SUV,red,,clean,West Haven,CT,,dealer,vertex,gemini-2.5-flash,2026-04-02T15:14:44.235853Z,scrapes/20260402150015/7923277819.txt
7923278051,20260402160027,2026-04-02T16:00:27Z,6488,2014,Nissan,Altima 2.5 SV,117455,sedan,white,,clean,West Haven,CT,,dealer,vertex,gemini-2.5-flash,2026-04-02T16:15:56.921694Z,scrapes/20260402160027/7923278051.txt
7923453787,20260402170026,2026-04-02T17:00:26Z,31930,2019,Toyota,Tundra,59082,truck,,excellent,clean,New Haven,CT,,dealer,vertex,gemini-2.5-flash,2026-04-02T17:35:14.911082Z,scrapes/20260402170026/7923453787.txt
7923474424,20260402170026,2026-04-02T17:00:26Z,,2016,chevy,silverado 1500,90000,pickup,blue,like new,clean,NORTH HAVEN,CT,,dealer,vertex,gemini-2.5-flash,2026-04-02T17:35:24.811258Z,scrapes/20260402170026/7923474424.txt
7923661457,20260402080020,2026-04-02T08:00:20Z,2000,2016,chevy,silverado 1500,90000,truck,blue,like new,clean,,,,,vertex,gemini-2.5-flash,2026-04-02T08:15:18.503603Z,scrapes/20260402080020/7923661457.txt
7920107325,20260326180046,2026-03-26T18:00:46Z,12500,2012,jeep,wrangler,150000,SUV,orange,excellent,clean,,,,,vertex,gemini-2.5-flash,2026-03-26T18:12:15.465663Z,scrapes/20260326180046/7920107325.txt
7920177544,20260326190027,2026-03-26T19:00:27Z,6800,2008,GMC,Sierra,114000,pickup,black,excellent,clean,,,,,vertex,gemini-2.5-flash,2026-03-26T19:12:25.023391Z,scrapes/20260326190027/7920177544.txt
7920764436,20260327150005,2026-03-27T15:00:05Z,2000,2011,Ford,Ranger XLT super cab,253000,truck,white,good,clean,,,,,vertex,gemini-2.5-flash,2026-03-27T15:12:34.885618Z,scrapes/20260327150005/7920764436.txt
7921084758,20260326180046,2026-03-26T18:00:46Z,28900,2015,Chrysler,Town & Country,51345,Minivan,White,,clean,,,,,vertex,gemini-2.5-flash,2026-03-26T18:12:33.128251Z,scrapes/20260326180046/7921084758.txt
7921085080,20260331120035,2026-03-31T12:00:35Z,3288,2002,Dodge,Neon,150000,,,,clean,,,,,vertex,gemini-2.5-flash,2026-03-31T12:12:17.653947Z,scrapes/20260331120035/7921085080.txt
7921098999,20260330190019,2026-03-30T19:00:19Z,5000,2001,dodge,ram 3500,171250,truck,black,good,clean,,,,,vertex,gemini-2.5-flash,2026-03-30T19:12:19.408712Z,scrapes/20260330190019/7921098999.txt
7921262925,20260331100015,2026-03-31T10:00:15Z,7900,2011,Honda,CR-V,151000,SUV,blue,excellent,clean,,,,,vertex,gemini-2.5-flash,2026-03-31T10:12:39.162919Z,scrapes/20260331100015/7921262925.txt
7921614059,20260402110015,2026-04-02T11:00:15Z,22500,2015,Ford,Super Duty F-350 SRW,120934,truck,black,,clean,,,,,vertex,gemini-2.5-flash,2026-04-02T11:12:30.862615Z,scrapes/20260402110015/7921614059.txt
7921614429,20260402140006,2026-04-02T14:00:06Z,7750,2015,Volkswagen,Passat,116694,sedan,blue,,clean,Bridgeport,CT,,dealer,vertex,gemini-2.5-flash,2026-04-02T14:12:06.662937Z,scrapes/20260402140006/7921614429.txt
7921614789,20260402160027,2026-04-02T16:00:27Z,11900,2015,Jaguar,XF,79004,sedan,black,Used,clean,Bridgeport,CT,,dealer,vertex,gemini-2.5-flash,2026-04-02T16:12:35.448147Z,scrapes/20260402160027/7921614789.txt
7921766314,20260401200024,2026-04-01T20:00:24Z,4800,2011,Toyota,Venza,133000,SUV,grey,good,clean,,,,,vertex,gemini-2.5-flash,2026-04-01T20:12:24.065732Z,scrapes/20260401200024/7921766314.txt
7922324947,20260402170026,2026-04-02T17:00:26Z,3000,2009,CHEVROLET,COBALT,140000,,,,clean,Wallingford,CT,,dealer,vertex,gemini-2.5-flash,2026-04-02T17:33:26.551282Z,scrapes/20260402170026/7922324947.txt
7922501656,20260402090038,2026-04-02T09:00:38Z,7300,2010,HONDA,CR-V LX,149000,SUV,,excellent,clean,,,,,vertex,gemini-2.5-flash,2026-04-02T09:12:59.403871Z,scrapes/20260402090038/7922501656.txt
7922507061,20260331110006,2026-03-31T11:00:06Z,15900,2015,Chevrolet,Silverado 1500,126474,truck,grey,,clean,,,,,vertex,gemini-2.5-flash,2026-03-31T11:13:05.391463Z,scrapes/20260331110006/7922507061.txt
7922588288,20260402160027,2026-04-02T16:00:27Z,14700,2017,Toyota,Camry,98165,sedan,white,like new,clean,Meriden,CT,1,dealer,vertex,gemini-2.5-flash,2026-04-02T16:13:47.845147Z,scrapes/20260402160027/7922588288.txt
7922689061,20260326180046,2026-03-26T18:00:46Z,10900,2014,Subaru,XV CrossTrek,124824,wagon,grey,excellent,clean,,,,,vertex,gemini-2.5-flash,2026-03-26T18:14:56.563787Z,scrapes/20260326180046/7922689061.txt
7922725779,20260402180016,2026-04-02T18:00:16Z,3288,2002,Dodge,Neon,150000,,,,clean,Wallingford,CT,,dealer,vertex,gemini-2.5-flash,2026-04-02T18:13:54.868667Z,scrapes/20260402180016/7922725779.txt
7923015219,20260402170026,2026-04-02T17:00:26Z,4500,2010,Nissan,Altima,163117,sedan,black,good,clean,Northford,CT,1,private seller,vertex,gemini-2.5-flash,2026-04-02T17:34:41.034366Z,scrapes/20260402170026/7923015219.txt
7923178106,20260402090038,2026-04-02T09:00:38Z,3900,2013,Subaru,Impreza,150000,hatchback,,,clean,,,,,vertex,gemini-2.5-flash,2026-04-02T09:14:10.461966Z,scrapes/20260402090038/7923178106.txt
7923202182,20260402160027,2026-04-02T16:00:27Z,6000,1986,Chevy,El Camino,1234567,truck,maroon and silver,good,clean,Middlebury,CT,,private seller,vertex,gemini-2.5-flash,2026-04-02T16:15:34.144812Z,scrapes/20260402160027/7923202182.txt
7923207597,20260402130024,2026-04-02T13:00:24Z,7400,2015,subaru,outback 3.6r limited awd,179079,wagon,black,like new,clean,,,,,vertex,gemini-2.5-flash,2026-04-02T13:14:15.787410Z,scrapes/20260402130024/7923207597.txt
7923241517,20260329140023,2026-03-29T14:00:23Z,3000,2007,Ford,escape,110000,SUV,red,good,clean,,,,,vertex,gemini-2.5-flash,2026-03-29T14:14:49.762750Z,scrapes/20260329140023/7923241517.txt
7923269508,20260402140006,2026-04-02T14:00:06Z,12800,2018,Chevrolet,Equinox,135100,Sport Utility,Black Mosaic Black Metallic,,clean,Stamford,CT,,dealer,vertex,gemini-2.5-flash,2026-04-02T14:14:51.524655Z,scrapes/20260402140006/7923269508.txt
7923329866,20260402130024,2026-04-02T13:00:24Z,3400,2011,Honda,Civic,56000,sedan,white,excellent,clean,,,,,vertex,gemini-2.5-flash,2026-04-02T13:14:45.664045Z,scrapes/20260402130024/7923329866.txt
7923458871,20260402180016,2026-04-02T18:00:16Z,32930,2018,Lexus,LX 570,75788,,,excellent,clean,New Haven,CT,,dealer,vertex,gemini-2.5-flash,2026-04-02T18:15:07.469715Z,scrapes/20260402180016/7923458871.txt
7923463568,20260327070006,2026-03-27T07:00:06Z,7900,2012,ACURA,MDX SPORT,166000,SUV,,excellent,clean,,,,,vertex,gemini-2.5-flash,2026-03-27T07:17:03.141435Z,scrapes/20260327070006/7923463568.txt
7923484982,20260402180016,2026-04-02T18:00:16Z,9000,2009,Toyota,Camry LE,70000,sedan,grey,excellent,clean,Wallingford,CT,2,private seller,vertex,gemini-2.5-flash,2026-04-02T18:15:16.369139Z,scrapes/20260402180016/7923484982.txt
7923661289,20260402170026,2026-04-02T17:00:26Z,,2018,Toyota,Camry,33000,sedan,white,like new,clean,North Haven,CT,,dealer,vertex,gemini-2.5-flash,2026-04-02T17:36:04.992386Z,scrapes/20260402170026/7923661289.txt
7920742719,20260328140033,2026-03-28T14:00:33Z,6850,2015,Hyundai,Accent,95555,sedan,silver,,clean,,,,,vertex,gemini-2.5-flash,2026-03-28T14:12:17.381015Z,scrapes/20260328140033/7920742719.txt
7921520326,20260402160027,2026-04-02T16:00:27Z,10998,2015,Subaru,Outback,141231,Wagon,white,Used,clean,East Granby,CT,,dealer,vertex,gemini-2.5-flash,2026-04-02T16:12:30.818045Z,scrapes/20260402160027/7921520326.txt
7921614933,20260331080026,2026-03-31T08:00:26Z,185000,1956,Chevrolet,Bel Air,1250,convertible,black,Used,clean,,,,,vertex,gemini-2.5-flash,2026-03-31T08:12:43.450648Z,scrapes/20260331080026/7921614933.txt
7921994075,20260402170026,2026-04-02T17:00:26Z,800,2005,BMW,325i,181000,sedan,,good,clean,Hamden,CT,2,private seller,vertex,gemini-2.5-flash,2026-04-02T17:33:18.808544Z,scrapes/20260402170026/7921994075.txt
7922019524,20260401150012,2026-04-01T15:00:12Z,1500,2006,ford,e-350 econoline,190000,van,,fair,clean,,,,,vertex,gemini-2.5-flash,2026-04-01T15:12:40.668040Z,scrapes/20260401150012/7922019524.txt
7922147958,20260329020010,2026-03-29T02:00:10Z,2200,2005,Toyota,Prius Hybrid,270000,hatchback,,good,clean,,,,,vertex,gemini-2.5-flash,2026-03-29T02:12:50.096361Z,scrapes/20260329020010/7922147958.txt
7922267738,20260402170026,2026-04-02T17:00:26Z,9500,2007,Freightliner,M2,235000,truck,white,good,clean,Fair Lawn,NJ,,private seller,vertex,gemini-2.5-flash,2026-04-02T17:33:24.031342Z,scrapes/20260402170026/7922267738.txt
7922507203,20260402070006,2026-04-02T07:00:06Z,12900,2013,Ford,Econoline Cargo Van E-250,108356,van,white,Used,clean,,,,,vertex,gemini-2.5-flash,2026-04-02T07:12:51.549274Z,scrapes/20260402070006/7922507203.txt
7922507239,20260331120035,2026-03-31T12:00:35Z,18995,2017,Ford,F-150,106743,truck,red,,clean,,,,,vertex,gemini-2.5-flash,2026-03-31T12:13:34.033590Z,scrapes/20260331120035/7922507239.txt
7922507619,20260331130038,2026-03-31T13:00:38Z,15500,2018,BMW,X2,79633,SUV,black,Used,clean,,,,,vertex,gemini-2.5-flash,2026-03-31T13:14:18.072504Z,scrapes/20260331130038/7922507619.txt
7922507802,20260402180016,2026-04-02T18:00:16Z,21950,2021,Jeep,Grand Cherokee L,119058,SUV,Baltic Gray Metallic Clearcoat,Used,clean,Bridgeport,CT,,dealer,vertex,gemini-2.5-flash,2026-04-02T18:12:58.677778Z,scrapes/20260402180016/7922507802.txt
7922509063,20260402160027,2026-04-02T16:00:27Z,17990,2018,Acura,MDX,72433,SUV,White,Used,clean,Bridgeport,CT,,dealer,vertex,gemini-2.5-flash,2026-04-02T16:13:28.429655Z,scrapes/20260402160027/7922509063.txt
7922689177,20260326220006,2026-03-26T22:00:06Z,6900,2014,Hyundai,Sonata,118290,sedan,white,excellent,clean,,,,,vertex,gemini-2.5-flash,2026-03-26T22:15:31.100211Z,scrapes/20260326220006/7922689177.txt
7922800852,20260402160027,2026-04-02T16:00:27Z,11800,2018,Subaru,Outback,117800,SUV,red,like new,clean,Branford,CT,,private seller,vertex,gemini-2.5-flash,2026-04-02T16:14:19.135998Z,scrapes/20260402160027/7922800852.txt
7923002213,20260331030023,2026-03-31T03:00:23Z,4200,2012,subaru,legacy,149000,sedan,black,excellent,clean,,,,,vertex,gemini-2.5-flash,2026-03-31T03:13:58.715178Z,scrapes/20260331030023/7923002213.txt
7923269477,20260402180016,2026-04-02T18:00:16Z,12800,2014,Mazda,CX-5,99800,Sport Utility,Gray,good,clean,Stamford,CT,,dealer,vertex,gemini-2.5-flash,2026-04-02T18:14:38.469337Z,scrapes/20260402180016/7923269477.txt
7923464447,20260326190027,2026-03-26T19:00:27Z,7900,2012,HONDA,ACCORD LX,123000,sedan,,excellent,clean,,,,,vertex,gemini-2.5-flash,2026-03-26T19:17:10.968458Z,scrapes/20260326190027/7923464447.txt
7923687600,20260402180016,2026-04-02T18:00:16Z,10950,2015,Mercedes-Benz,GL 450 4MATIC,124948,SUV,black,excellent,clean,Meriden,CT,,dealer,vertex,gemini-2.5-flash,2026-04-02T18:15:45.270114Z,scrapes/20260402180016/7923687600.txt
7920275278,20260326200036,2026-03-26T20:00:36Z,9500,1991,Chevrolet,Corvette,58000,convertible,white,excellent,clean,,,,,vertex,gemini-2.5-flash,2026-03-26T20:12:12.842278Z,scrapes/20260326200036/7920275278.txt
7920718946,20260327160035,2026-03-27T16:00:35Z,6250,2013,Subaru,Outback 2.5i,122750,hatchback,blue,excellent,clean,,,,,vertex,gemini-2.5-flash,2026-03-27T16:12:30.758140Z,scrapes/20260327160035/7920718946.txt
7920975949,20260330170006,2026-03-30T17:00:06Z,9995,2011,BMW,335i,107544,convertible,black,,clean,,,,,vertex,gemini-2.5-flash,2026-03-30T17:12:19.793213Z,scrapes/20260330170006/7920975949.txt
7921614123,20260402130024,2026-04-02T13:00:24Z,4500,2015,Nissan,Versa,120802,sedan,Amethyst Gray,,clean,,,,,vertex,gemini-2.5-flash,2026-04-02T13:12:16.617795Z,scrapes/20260402130024/7921614123.txt
7921880180,20260402120020,2026-04-02T12:00:20Z,3288,2007,ford,focus,185000,,,,clean,,,,,vertex,gemini-2.5-flash,2026-04-02T12:12:37.063185Z,scrapes/20260402120020/7921880180.txt
7921970159,20260402170026,2026-04-02T17:00:26Z,39500,2020,Maserati,Quattroporte,39853,sedan,blue,like new,clean,Old Saybrook,CT,,dealer,vertex,gemini-2.5-flash,2026-04-02T17:33:16.312540Z,scrapes/20260402170026/7921970159.txt
7922387295,20260402160027,2026-04-02T16:00:27Z,17000,2019,Audi,A6 Premium Plus,42250,sedan,black,excellent,clean,New Milford,CT,,private seller,vertex,gemini-2.5-flash,2026-04-02T16:12:54.050377Z,scrapes/20260402160027/7922387295.txt
7922414018,20260401210012,2026-04-01T21:00:12Z,5500,2014,FORD,FOCUS,108456,hatchback,blue,like new,clean,,,,,vertex,gemini-2.5-flash,2026-04-01T21:12:54.324271Z,scrapes/20260401210012/7922414018.txt
7922483301,20260402110015,2026-04-02T11:00:15Z,59500,1977,Pontiac,Trans Am,64877,Coupe,Black,Used,clean,,,,,vertex,gemini-2.5-flash,2026-04-02T11:13:08.964031Z,scrapes/20260402110015/7922483301.txt
7922590371,20260401160026,2026-04-01T16:00:26Z,9900,2013,mercedes benz,e350 4matic,148609,wagon,black,like new,clean,,,,,vertex,gemini-2.5-flash,2026-04-01T16:13:00.050823Z,scrapes/20260401160026/7922590371.txt
7922811843,20260402180016,2026-04-02T18:00:16Z,2999,2011,chevy,malibu,165000,sedan,silver,good,clean,Stratford,CT,,private seller,vertex,gemini-2.5-flash,2026-04-02T18:14:04.068416Z,scrapes/20260402180016/7922811843.txt
7922872400,20260402160027,2026-04-02T16:00:27Z,7500,2004,Chrysler,Crossfire,93000,coupe,grey,excellent,clean,Stratford,CT,,private seller,vertex,gemini-2.5-flash,2026-04-02T16:14:47.742972Z,scrapes/20260402160027/7922872400.txt
7922927030,20260402120020,2026-04-02T12:00:20Z,7999,2008,Chevrolet,Silverado 1500,167190,pickup,blue,good,clean,,,,,vertex,gemini-2.5-flash,2026-04-02T12:13:43.124888Z,scrapes/20260402120020/7922927030.txt
7923121216,20260402160027,2026-04-02T16:00:27Z,3288,2002,Dodge,Neon,150000,,,,clean,Wallingford,CT,,dealer,vertex,gemini-2.5-flash,2026-04-02T16:15:26.217984Z,scrapes/20260402160027/7923121216.txt
7923545896,20260402050025,2026-04-02T05:00:25Z,12450,2018,Toyota,Highlander,133333,SUV,brown,excellent,clean,,,,,vertex,gemini-2.5-flash,2026-04-02T05:14:48.326371Z,scrapes/20260402050025/7923545896.txt
7923661595,20260402100016,2026-04-02T10:00:16Z,,2018,Acura,TLX a-spec,30000,sedan,red,like new,clean,,,,,vertex,gemini-2.5-flash,2026-04-02T10:15:02.114176Z,scrapes/20260402100016/7923661595.txt
7923722098,20260402100016,2026-04-02T10:00:16Z,28900,2015,Chrysler,Town & Country,51345,minivan,white,Pre-Owned,clean,,,,,vertex,gemini-2.5-flash,2026-04-02T10:15:20.306296Z,scrapes/20260402100016/7923722098.txt
7920434986,20260326210012,2026-03-26T21:00:12Z,6885,2008,Infiniti,M45X AWD Premium Sedan,134000,sedan,silver,good,clean,,,,,vertex,gemini-2.5-flash,2026-03-26T21:12:29.142234Z,scrapes/20260326210012/7920434986.txt
7920757201,20260328170012,2026-03-28T17:00:12Z,10900,2017,Land Rover,Discovery,165497,SUV,green,,clean,,,,,vertex,gemini-2.5-flash,2026-03-28T17:12:19.234030Z,scrapes/20260328170012/7920757201.txt
7921277893,20260401000031,2026-04-01T00:00:31Z,3288,2002,Dodge,Neon,150000,,,,clean,,,,,vertex,gemini-2.5-flash,2026-04-01T00:12:15.581901Z,scrapes/20260401000031/7921277893.txt
7921373475,20260401180006,2026-04-01T18:00:06Z,8485,2013,BMW,328i X-drive AWD Sedan,113000,sedan,black,good,clean,,,,,vertex,gemini-2.5-flash,2026-04-01T18:12:22.704495Z,scrapes/20260401180006/7921373475.txt
7921614824,20260402180016,2026-04-02T18:00:16Z,14650,2019,Chevrolet,Traverse,87713,SUV,black,Used,clean,Bridgeport,CT,,dealer,vertex,gemini-2.5-flash,2026-04-02T18:12:25.771824Z,scrapes/20260402180016/7921614824.txt
7921670912,20260402110015,2026-04-02T11:00:15Z,25000,2018,ford,e350 super duty cutaway,160000,van,white,good,clean,,,,,vertex,gemini-2.5-flash,2026-04-02T11:12:35.973204Z,scrapes/20260402110015/7921670912.txt
7922507115,20260331070006,2026-03-31T07:00:06Z,18900,2020,Audi,Q3,77916,SUV,Chronos Gray Metallic,Used,clean,,,,,vertex,gemini-2.5-flash,2026-03-31T07:13:29.767696Z,scrapes/20260331070006/7922507115.txt
7922508800,20260331130038,2026-03-31T13:00:38Z,20950,2018,Land Rover,Range Rover Sport,93146,SUV,white,Used,clean,,,,,vertex,gemini-2.5-flash,2026-03-31T13:14:34.072894Z,scrapes/20260331130038/7922508800.txt
7922588436,20260402180016,2026-04-02T18:00:16Z,13900,2016,Toyota,RAV4 Hybrid Limited AWD,141229,SUV,black,like new,clean,Meriden,CT,,dealer,vertex,gemini-2.5-flash,2026-04-02T18:13:14.368809Z,scrapes/20260402180016/7922588436.txt
7922810985,20260401190006,2026-04-01T19:00:06Z,6999,2014,BMW,750LI xdrive,113000,sedan,black,good,rebuilt,,,,,vertex,gemini-2.5-flash,2026-04-01T19:13:14.082886Z,scrapes/20260401190006/7922810985.txt
7922815041,20260402110015,2026-04-02T11:00:15Z,5500,2015,Jeep,Compass,129000,SUV,blue,excellent,clean,,,,,vertex,gemini-2.5-flash,2026-04-02T11:13:24.315256Z,scrapes/20260402110015/7922815041.txt
7922961530,20260327200005,2026-03-27T20:00:05Z,4000,2008,Dodge,charger,118000,sedan,grey,good,clean,,,,,vertex,gemini-2.5-flash,2026-03-27T20:15:00.139818Z,scrapes/20260327200005/7922961530.txt
7923111168,20260401230010,2026-04-01T23:00:10Z,12001,2016,Lexus,RX350,16000,,Caviar,,clean,,,,,vertex,gemini-2.5-flash,2026-04-01T23:14:22.939952Z,scrapes/20260401230010/7923111168.txt
7923189849,20260402050025,2026-04-02T05:00:25Z,9000,2015,Honda,Civic,74500,,black,excellent,rebuilt,,,,,vertex,gemini-2.5-flash,2026-04-02T05:13:43.104541Z,scrapes/20260402050025/7923189849.txt
7923573368,20260402170026,2026-04-02T17:00:26Z,9500,2013,Nissan,Altima,103000,sedan,white,great,clean,Stratford,CT,,private seller,vertex,gemini-2.5-flash,2026-04-02T17:35:54.213417Z,scrapes/20260402170026/7923573368.txt
7920047049,20260326220006,2026-03-26T22:00:06Z,10998,2014,Subaru,Outback,116909,Wagon,Black,Used,clean,,,,,vertex,gemini-2.5-flash,2026-03-26T22:12:15.465610Z,scrapes/20260326220006/7920047049.txt
7920420866,20260326220006,2026-03-26T22:00:06Z,75000,1967,Chevrolet,Chevelle SS,500,coupe,blue,excellent,clean,,,,,vertex,gemini-2.5-flash,2026-03-26T22:12:25.633319Z,scrapes/20260326220006/7920420866.txt
7920650815,20260327170005,2026-03-27T17:00:05Z,18990,1985,Mazda,Rx7,66350,,Sunrise Red,,clean,,,,,vertex,gemini-2.5-flash,2026-03-27T17:12:17.162009Z,scrapes/20260327170005/7920650815.txt
7921417107,20260327010017,2026-03-27T01:00:17Z,4200,2018,Kia,soul,170000,wagon,silver,excellent,clean,,,,,vertex,gemini-2.5-flash,2026-03-27T01:12:59.458682Z,scrapes/20260327010017/7921417107.txt
7922507086,20260331110006,2026-03-31T11:00:06Z,16750,2023,Hyundai,Elantra,108905,sedan,Ecotronic Gray,Used,clean,,,,,vertex,gemini-2.5-flash,2026-03-31T11:13:15.136765Z,scrapes/20260331110006/7922507086.txt
7922507263,20260331130038,2026-03-31T13:00:38Z,9900,2015,Mercedes-Benz,GLK-Class,123897,SUV,red,Used,clean,,,,,vertex,gemini-2.5-flash,2026-03-31T13:14:07.672079Z,scrapes/20260331130038/7922507263.txt
7922507764,20260331080026,2026-03-31T08:00:26Z,14850,2020,Ford,Fusion,35125,sedan,blue,,clean,,,,,vertex,gemini-2.5-flash,2026-03-31T08:13:46.607553Z,scrapes/20260331080026/7922507764.txt
7922613194,20260402180016,2026-04-02T18:00:16Z,10900,2011,Ford,Mustang,105405,coupe,white,like new,clean,Meriden,CT,2,dealer,vertex,gemini-2.5-flash,2026-04-02T18:13:35.769236Z,scrapes/20260402180016/7922613194.txt
7922688754,20260326220006,2026-03-26T22:00:06Z,9900,2013,Infiniti,EX35,89281,SUV,grey,excellent,clean,,,,,vertex,gemini-2.5-flash,2026-03-26T22:15:24.832456Z,scrapes/20260326220006/7922688754.txt
7922970700,20260402160027,2026-04-02T16:00:27Z,,2011,Jeep,Grand Cherokee Overland,135168,SUV,black,,clean,West Haven,CT,,dealer,vertex,gemini-2.5-flash,2026-04-02T16:15:16.644250Z,scrapes/20260402160027/7922970700.txt
7923204921,20260402170026,2026-04-02T17:00:26Z,6500,1978,Volvo,262C Bertone,100000,,Silver,,clean,new haven,CT,,private seller,vertex,gemini-2.5-flash,2026-04-02T17:34:53.411400Z,scrapes/20260402170026/7923204921.txt
7923269547,20260402180016,2026-04-02T18:00:16Z,6800,2015,Volkswagen,Jetta,141800,Sedan,Red,,clean,Stamford,CT,,dealer,vertex,gemini-2.5-flash,2026-04-02T18:14:50.333243Z,scrapes/20260402180016/7923269547.txt
7923288138,20260402140006,2026-04-02T14:00:06Z,6500,2013,hyundai,santa fe,180000,SUV,white,like new,clean,Derby,CT,,dealer,vertex,gemini-2.5-flash,2026-04-02T14:15:14.624933Z,scrapes/20260402140006/7923288138.txt
7921270981,20260331130038,2026-03-31T13:00:38Z,3500,2014,Subaru,Legacy Sedan,212400,sedan,blue,excellent,clean,,,,,vertex,gemini-2.5-flash,2026-03-31T13:12:41.690312Z,scrapes/20260331130038/7921270981.txt
7921449116,20260402120020,2026-04-02T12:00:20Z,10450,2009,Nissan,Frontier,79780,truck,black,excellent,clean,,,,,vertex,gemini-2.5-flash,2026-04-02T12:12:18.767857Z,scrapes/20260402120020/7921449116.txt
7922165216,20260330100031,2026-03-30T10:00:31Z,4200,2018,Kia,soul +,170000,,silver,excellent,clean,,,,,vertex,gemini-2.5-flash,2026-03-30T10:12:52.234235Z,scrapes/20260330100031/7922165216.txt
7922266631,20260402180016,2026-04-02T18:00:16Z,6200,2011,acura,mdx,125000,SUV,white,good,clean,North Haven,CT,,private seller,vertex,gemini-2.5-flash,2026-04-02T18:12:30.791189Z,scrapes/20260402180016/7922266631.txt
7922382206,20260402070006,2026-04-02T07:00:06Z,4998,2008,Subaru,Outback,146350,Wagon,Black,Used,clean,,,,,vertex,gemini-2.5-flash,2026-04-02T07:12:42.902571Z,scrapes/20260402070006/7922382206.txt
7922465483,20260327170005,2026-03-27T17:00:05Z,,2022,Acura,TLX a-spec,24000,sedan,red,like new,clean,,,,,vertex,gemini-2.5-flash,2026-03-27T17:13:07.528358Z,scrapes/20260327170005/7922465483.txt
7922507036,20260331100015,2026-03-31T10:00:15Z,12990,2016,Honda,Pilot,120070,SUV,white,Used,clean,,,,,vertex,gemini-2.5-flash,2026-03-31T10:13:51.078248Z,scrapes/20260331100015/7922507036.txt
7922860906,20260402160027,2026-04-02T16:00:27Z,3550,1983,Chevrolet,C/K Pickup Conventional Cab 1/2 ton,25257,pickup,black,good,clean,Waterbury,CT,,private seller,vertex,gemini-2.5-flash,2026-04-02T16:14:28.945317Z,scrapes/20260402160027/7922860906.txt
7923650746,20260402150015,2026-04-02T15:00:15Z,3300,2011,Chevy,express 2500,200000,van,,good,clean,Southbury,CT,,private seller,vertex,gemini-2.5-flash,2026-04-02T15:15:43.715095Z,scrapes/20260402150015/7923650746.txt
7923661334,20260401070006,2026-04-01T07:00:06Z,5000,2021,tesla,s,61000,wagon,white,like new,clean,,,,,vertex,gemini-2.5-flash,2026-04-01T07:15:52.006053Z,scrapes/20260401070006/7923661334.txt
7923661592,20260402140006,2026-04-02T14:00:06Z,2000,2020,honda,accord,20000,sedan,blue,like new,clean,North Haven,CT,,dealer,vertex,gemini-2.5-flash,2026-04-02T14:16:12.024411Z,scrapes/20260402140006/7923661592.txt
7923755600,20260402120020,2026-04-02T12:00:20Z,5900,2016,Ford,Fiesta S,88133,sedan,white,excellent,clean,,,,,vertex,gemini-2.5-flash,2026-04-02T12:15:22.670064Z,scrapes/20260402120020/7923755600.txt
7923755686,20260402170026,2026-04-02T17:00:26Z,8900,2014,Volkswagen,Passat SE,85972,sedan,grey,excellent,clean,Branford,CT,,dealer,vertex,gemini-2.5-flash,2026-04-02T17:36:22.947980Z,scrapes/20260402170026/7923755686.txt
7923755951,20260402070006,2026-04-02T07:00:06Z,3900,2013,Nissan,Versa,121347,sedan,grey,excellent,clean,,,,,vertex,gemini-2.5-flash,2026-04-02T07:14:32.411205Z,scrapes/20260402070006/7923755951.txt
7920780110,20260330180011,2026-03-30T18:00:11Z,15000,2005,Toyota,Tundra,105000,truck,white,excellent,clean,,,,,vertex,gemini-2.5-flash,2026-03-30T18:12:19.921551Z,scrapes/20260330180011/7920780110.txt
7921149077,20260331060038,2026-03-31T06:00:38Z,8998,2016,Subaru,Forester,149859,Wagon,White,Used,clean,,,,,vertex,gemini-2.5-flash,2026-03-31T06:12:17.021981Z,scrapes/20260331060038/7921149077.txt
7921188632,20260331040023,2026-03-31T04:00:23Z,10000,2006,Toyota,Tundra SR5,232000,SUV,blue,fair,clean,,,,,vertex,gemini-2.5-flash,2026-03-31T04:12:27.255010Z,scrapes/20260331040023/7921188632.txt
7922351290,20260402130024,2026-04-02T13:00:24Z,2300,2012,Nissan,Rogue,168000,SUV,red,fair,clean,,,,,vertex,gemini-2.5-flash,2026-04-02T13:12:44.257477Z,scrapes/20260402130024/7922351290.txt
7922507323,20260331100015,2026-03-31T10:00:15Z,10800,2019,Dodge,Charger,54917,sedan,white,Used,clean,,,,,vertex,gemini-2.5-flash,2026-03-31T10:14:10.920864Z,scrapes/20260331100015/7922507323.txt
7922589046,20260402180016,2026-04-02T18:00:16Z,8500,2012,toyota,camry le,160899,sedan,red,like new,clean,Meriden,CT,1,dealer,vertex,gemini-2.5-flash,2026-04-02T18:13:26.368627Z,scrapes/20260402180016/7922589046.txt
7922714644,20260402020017,2026-04-02T02:00:17Z,7500,2007,Chevy,Box Truck,66000,truck,white,good,clean,,,,,vertex,gemini-2.5-flash,2026-04-02T02:13:04.118234Z,scrapes/20260402020017/7922714644.txt
7922732721,20260402140006,2026-04-02T14:00:06Z,3995,2012,chevrolet,malibu,132567,sedan,silver,excellent,clean,Waterbury,CT,,dealer,vertex,gemini-2.5-flash,2026-04-02T14:14:23.324420Z,scrapes/20260402140006/7922732721.txt
7923254716,20260402120020,2026-04-02T12:00:20Z,3300,2010,HYANDIA,ELECTRA,133500,coupe,grey,good,clean,,,,,vertex,gemini-2.5-flash,2026-04-02T12:14:42.521284Z,scrapes/20260402120020/7923254716.txt
7923286252,20260402100016,2026-04-02T10:00:16Z,5500,2010,Subaru,Forester,150000,SUV,blue,excellent,clean,,,,,vertex,gemini-2.5-flash,2026-04-02T10:14:22.053760Z,scrapes/20260402100016/7923286252.txt
7923327561,20260402130024,2026-04-02T13:00:24Z,3288,2002,Dodge,Neon,150000,,,,clean,,,,,vertex,gemini-2.5-flash,2026-04-02T13:14:39.955904Z,scrapes/20260402130024/7923327561.txt
7923668466,20260401140026,2026-04-01T14:00:26Z,2200,1993,Buick,regal custom coupe,54600,coupe,,,clean,,,,,vertex,gemini-2.5-flash,2026-04-01T14:15:30.681963Z,scrapes/20260401140026/7923668466.txt
7923755764,20260402140006,2026-04-02T14:00:06Z,6900,2014,Hyundai,Sonata,118290,sedan,white,excellent,clean,Branford,CT,,dealer,vertex,gemini-2.5-flash,2026-04-02T14:16:23.386137Z,scrapes/20260402140006/7923755764.txt
7920647862,20260327130020,2026-03-27T13:00:20Z,2100,2008,Ford,Taurus,152000,sedan,,good,clean,,,,,vertex,gemini-2.5-flash,2026-03-27T13:12:24.097653Z,scrapes/20260327130020/7920647862.txt
7922148637,20260402180016,2026-04-02T18:00:16Z,2500,2005,Honda,Accord LX,220000,sedan,,fair,clean,Stratford,CT,,private seller,vertex,gemini-2.5-flash,2026-04-02T18:12:28.286090Z,scrapes/20260402180016/7922148637.txt
7922731916,20260402170026,2026-04-02T17:00:26Z,15900,2005,Ford,F-350 Super Duty,310000,pickup,white,good,clean,Milford,CT,,private seller,vertex,gemini-2.5-flash,2026-04-02T17:34:24.610846Z,scrapes/20260402170026/7922731916.txt
7922438841,20260402150015,2026-04-02T15:00:15Z,3800,2008,chevrolet,silverado,250000,truck,,good,clean,Southington,CT,,private seller,vertex,gemini-2.5-flash,2026-04-02T15:12:44.176219Z,scrapes/20260402150015/7922438841.txt
7922507463,20260402150015,2026-04-02T15:00:15Z,20900,2014,Mercedes-Benz,S-Class,82595,sedan,gray,Used,clean,Bridgeport,CT,,dealer,vertex,gemini-2.5-flash,2026-04-02T15:12:49.165405Z,scrapes/20260402150015/7922507463.txt
7922507494,20260402170026,2026-04-02T17:00:26Z,69500,1966,CHEVROLET,CHEVELLE,59985,COUPE,grey,Used,clean,Bridgeport,CT,,dealer,vertex,gemini-2.5-flash,2026-04-02T17:33:41.023299Z,scrapes/20260402170026/7922507494.txt
7922588869,20260402140006,2026-04-02T14:00:06Z,6900,2018,subaru,crosstrek 2.0i premium awd,188779,hatchback,black,like new,clean,Meriden,CT,2,dealer,vertex,gemini-2.5-flash,2026-04-02T14:13:47.263369Z,scrapes/20260402140006/7922588869.txt
7923756258,20260402130024,2026-04-02T13:00:24Z,5900,2012,Honda,Accord LX,150492,sedan,black,excellent,clean,,,,,vertex,gemini-2.5-flash,2026-04-02T13:15:52.955873Z,scrapes/20260402130024/7923756258.txt
7923762274,20260402150015,2026-04-02T15:00:15Z,7900,2019,Hyundai,Elantra,121000,sedan,grey,excellent,clean,Branford,CT,1,dealer,vertex,gemini-2.5-flash,2026-04-02T15:16:03.294399Z,scrapes/20260402150015/7923762274.txt
7923778321,20260402160027,2026-04-02T16:00:27Z,3000,2009,CHEVROLET,COBALT,140000,,,,clean,Wallingford,CT,,dealer,vertex,gemini-2.5-flash,2026-04-02T16:17:07.633382Z,scrapes/20260402160027/7923778321.txt
7920658424,20260327160035,2026-03-27T16:00:35Z,3288,2002,Dodge,Neon,150000,,,,clean,,,,,vertex,gemini-2.5-flash,2026-03-27T16:12:27.273417Z,scrapes/20260327160035/7920658424.txt
7920935228,20260331110006,2026-03-31T11:00:06Z,1500,2006,Lexus,GS 300,230000,sedan,black,good,clean,,,,,vertex,gemini-2.5-flash,2026-03-31T11:12:15.862781Z,scrapes/20260331110006/7920935228.txt
7922393570,20260402120020,2026-04-02T12:00:20Z,8000,2015,Nissan,Pathfinder,154800,SUV,silver,excellent,clean,,,,,vertex,gemini-2.5-flash,2026-04-02T12:12:46.716452Z,scrapes/20260402120020/7922393570.txt
7922606224,20260402170026,2026-04-02T17:00:26Z,25000,2010,honda,accord,80000,sedan,silver,good,clean,Norwalk,CT,,dealer,vertex,gemini-2.5-flash,2026-04-02T17:34:04.510741Z,scrapes/20260402170026/7922606224.txt
7923269564,20260402170026,2026-04-02T17:00:26Z,9800,2014,Audi,Q5,129400,SUV,Gray,,clean,Stamford,CT,,dealer,vertex,gemini-2.5-flash,2026-04-02T17:35:06.910415Z,scrapes/20260402170026/7923269564.txt
7923559798,20260402150015,2026-04-02T15:00:15Z,3288,2002,Dodge,Neon,150000,,,,clean,Wallingford,CT,,dealer,vertex,gemini-2.5-flash,2026-04-02T15:15:23.773709Z,scrapes/20260402150015/7923559798.txt
7923755491,20260402130024,2026-04-02T13:00:24Z,9900,2018,Subaru,Crosstrek,173000,wagon,red,excellent,clean,,,,,vertex,gemini-2.5-flash,2026-04-02T13:15:39.394587Z,scrapes/20260402130024/7923755491.txt
7923756382,20260402060006,2026-04-02T06:00:06Z,11900,2014,Honda,CR-V EX,130000,SUV,brown,excellent,clean,,,,,vertex,gemini-2.5-flash,2026-04-02T06:15:18.759620Z,scrapes/20260402060006/7923756382.txt
7921791498,20260402160027,2026-04-02T16:00:27Z,20990,2019,Mercedes-Benz,Sprinter C2500/C3500,85710,van,grey,excellent,clean,West Haven,CT,,dealer,vertex,gemini-2.5-flash,2026-04-02T16:12:40.610852Z,scrapes/20260402160027/7921791498.txt
7922409847,20260402150015,2026-04-02T15:00:15Z,6200,2013,Volkswagen,Tiguan,108000,SUV,black,excellent,clean,Branford,CT,,private seller,vertex,gemini-2.5-flash,2026-04-02T15:12:42.220564Z,scrapes/20260402150015/7922409847.txt
7921158798,20260331080026,2026-03-31T08:00:26Z,38995,2012,Dodge,D5500,230000,truck,white,excellent,clean,,,,,vertex,gemini-2.5-flash,2026-03-31T08:12:23.427859Z,scrapes/20260331080026/7921158798.txt
7921347818,20260331190007,2026-03-31T19:00:07Z,13999,2004,Ford,E350 Sup,110185,truck,blue,good,clean,,,,,vertex,gemini-2.5-flash,2026-03-31T19:12:16.281044Z,scrapes/20260331190007/7921347818.txt
7923661642,20260402100016,2026-04-02T10:00:16Z,,2016,chevy,silverado 1500,90000,truck,blue,like new,clean,,,,,vertex,gemini-2.5-flash,2026-04-02T10:15:10.405445Z,scrapes/20260402100016/7923661642.txt
7923757298,20260402140006,2026-04-02T14:00:06Z,1000,2012,Nissan,Altima,267000,,,fair,clean,Stratford,CT,,private seller,vertex,gemini-2.5-flash,2026-04-02T14:16:33.424495Z,scrapes/20260402140006/7923757298.txt
7923791622,20260402090038,2026-04-02T09:00:38Z,4200,2018,Kia,soul +,170000,,silver,excellent,clean,,,,,vertex,gemini-2.5-flash,2026-04-02T09:15:05.062925Z,scrapes/20260402090038/7923791622.txt
7922509088,20260402180016,2026-04-02T18:00:16Z,11950,2015,Honda,Pilot,92417,SUV,silver,Used,clean,Bridgeport,CT,,dealer,vertex,gemini-2.5-flash,2026-04-02T18:13:02.213260Z,scrapes/20260402180016/7922509088.txt
7923549869,20260402170026,2026-04-02T17:00:26Z,4300,2001,Acura,3.5RL,121327,sedan,white,good,clean,Stratford,CT,1,private seller,vertex,gemini-2.5-flash,2026-04-02T17:35:45.411683Z,scrapes/20260402170026/7923549869.txt
7920772502,20260330090022,2026-03-30T09:00:22Z,7485,2013,Mercedes-Benz,C300 4-matic,130000,sedan,red,excellent,clean,,,,,vertex,gemini-2.5-flash,2026-03-30T09:12:16.817831Z,scrapes/20260330090022/7920772502.txt
7921747776,20260402140006,2026-04-02T14:00:06Z,4500,1998,Mitsubishi,Montero,157000,SUV,,good,clean,West Haven,CT,,private seller,vertex,gemini-2.5-flash,2026-04-02T14:12:10.321065Z,scrapes/20260402140006/7921747776.txt
7922539723,20260402180016,2026-04-02T18:00:16Z,3288,2002,Dodge,Neon,150000,,,,clean,Wallingford,CT,,dealer,vertex,gemini-2.5-flash,2026-04-02T18:13:08.448412Z,scrapes/20260402180016/7922539723.txt
7923312934,20260329140023,2026-03-29T14:00:23Z,3000,2004,Subaru,Forester,244000,SUV,green,good,clean,,,,,vertex,gemini-2.5-flash,2026-03-29T14:15:29.162723Z,scrapes/20260329140023/7923312934.txt
7922955918,20260402160027,2026-04-02T16:00:27Z,3900,2000,Ford,Mustang,197000,convertible,black,good,clean,Branford,CT,2,private seller,vertex,gemini-2.5-flash,2026-04-02T16:14:57.745236Z,scrapes/20260402160027/7922955918.txt
7921614763,20260402150015,2026-04-02T15:00:15Z,6700,2009,Chevrolet,Silverado 1500,177265,truck,green,Used,clean,Bridgeport,CT,,dealer,vertex,gemini-2.5-flash,2026-04-02T15:12:18.288900Z,scrapes/20260402150015/7921614763.txt
7923755864,20260402120020,2026-04-02T12:00:20Z,10900,2014,Subaru,XV Crosstrek,124824,wagon,grey,excellent,clean,,,,,vertex,gemini-2.5-flash,2026-04-02T12:15:32.484265Z,scrapes/20260402120020/7923755864.txt
7923756053,20260402170026,2026-04-02T17:00:26Z,9900,2013,Infiniti,EX35,89281,SUV,grey,excellent,clean,Branford,CT,1,dealer,vertex,gemini-2.5-flash,2026-04-02T17:36:35.411313Z,scrapes/20260402170026/7923756053.txt
7921149060,20260331000020,2026-03-31T00:00:20Z,8998,2015,Subaru,Impreza,144186,sedan,green,Used,clean,,,,,vertex,gemini-2.5-flash,2026-03-31T00:12:15.299397Z,scrapes/20260331000020/7921149060.txt
7921231738,20260327160035,2026-03-27T16:00:35Z,3400,2002,Dodge,Ram 1500,117000,truck,,great condition,clean,,,,,vertex,gemini-2.5-flash,2026-03-27T16:12:40.799542Z,scrapes/20260327160035/7921231738.txt
7923457320,20260402160027,2026-04-02T16:00:27Z,14950,2013,Lexus,ES350,79000,sedan,grey,excellent,clean,Branford,CT,,private seller,vertex,gemini-2.5-flash,2026-04-02T16:16:17.044475Z,scrapes/20260402160027/7923457320.txt
7923649180,20260402180016,2026-04-02T18:00:16Z,26500,2020,Ram,Promaster 2500,46500,van,silver,like new,clean,Southbury,CT,,private seller,vertex,gemini-2.5-flash,2026-04-02T18:15:35.569204Z,scrapes/20260402180016/7923649180.txt
7923838233,20260402140006,2026-04-02T14:00:06Z,9998,2015,Subaru,Outback,174302,Wagon,blue,Used,clean,East Granby,CT,,dealer,vertex,gemini-2.5-flash,2026-04-02T14:16:57.409262Z,scrapes/20260402140006/7923838233.txt
7923842626,20260402070006,2026-04-02T07:00:06Z,4900,2013,chrysler,town and country limited,163000,minivan,silver,excellent,clean,,,,,vertex,gemini-2.5-flash,2026-04-02T07:14:48.519020Z,scrapes/20260402070006/7923842626.txt
7923845755,20260402010006,2026-04-02T01:00:06Z,4200,2014,VW,JETTA SE,173000,sedan,grey,excellent,clean,,,,,vertex,gemini-2.5-flash,2026-04-02T01:14:06.653245Z,scrapes/20260402010006/7923845755.txt
7921373699,20260402110015,2026-04-02T11:00:15Z,5485,2014,Volvo,S60 T5 AWD Sport Sedan,143000,sedan,Seashell Grey Metallic,good,clean,,,,,vertex,gemini-2.5-flash,2026-04-02T11:12:17.828227Z,scrapes/20260402110015/7921373699.txt
7921382427,20260331050007,2026-03-31T05:00:07Z,23000,2014,GMC,Sierra 2500 HD SLE,86000,truck,silver,excellent,clean,,,,,vertex,gemini-2.5-flash,2026-03-31T05:12:22.437344Z,scrapes/20260331050007/7921382427.txt
7923846364,20260402170026,2026-04-02T17:00:26Z,8000,2014,jeep,wrangler sport,163000,SUV,silver,excellent,clean,Shelton,CT,,private seller,vertex,gemini-2.5-flash,2026-04-02T17:36:47.410049Z,scrapes/20260402170026/7923846364.txt
7923863990,20260402170026,2026-04-02T17:00:26Z,7999,2012,Fiat,500,37851,hatchback,blue,excellent,clean,Manchester,NH,2,dealer,vertex,gemini-2.5-flash,2026-04-02T17:36:55.311420Z,scrapes/20260402170026/7923863990.txt
7923882371,20260402150015,2026-04-02T15:00:15Z,21900,2021,Lexus,NX 300 F Sport,125753,SUV,black,like new,clean,Meriden,CT,1,dealer,vertex,gemini-2.5-flash,2026-04-02T15:16:32.069423Z,scrapes/20260402150015/7923882371.txt
7923838194,20260402160027,2026-04-02T16:00:27Z,13998,2018,Subaru,Outback,136170,Wagon,Blue,Used,clean,East Granby,CT,,dealer,vertex,gemini-2.5-flash,2026-04-02T16:17:17.144745Z,scrapes/20260402160027/7923838194.txt
7923843242,20260402030035,2026-04-02T03:00:35Z,7300,2010,TOYOTA,CAMRY LE,149000,sedan,,excellent,clean,,,,,vertex,gemini-2.5-flash,2026-04-02T03:15:30.926475Z,scrapes/20260402030035/7923843242.txt
7923759911,20260402160027,2026-04-02T16:00:27Z,9900,2015,Jeep,Cherokee Latitude,81802,SUV,blue,excellent,clean,Branford,CT,,dealer,vertex,gemini-2.5-flash,2026-04-02T16:16:58.650937Z,scrapes/20260402160027/7923759911.txt
7923844048,20260402180016,2026-04-02T18:00:16Z,5200,2016,dodge,grand caravan sxt,180000,minivan,black,excellent,clean,Shelton,CT,,private seller,vertex,gemini-2.5-flash,2026-04-02T18:15:54.369779Z,scrapes/20260402180016/7923844048.txt
7923896699,20260402140006,2026-04-02T14:00:06Z,6750,2006,Chevy,Impala SS,111000,sedan,black,excellent,clean,Milford,CT,,private seller,vertex,gemini-2.5-flash,2026-04-02T14:17:07.524467Z,scrapes/20260402140006/7923896699.txt
7923924102,20260402150015,2026-04-02T15:00:15Z,,2022,Acura,TLX a-spec,24000,sedan,red,like new,clean,North Haven,CT,1,dealer,vertex,gemini-2.5-flash,2026-04-02T15:17:00.814769Z,scrapes/20260402150015/7923924102.txt
7923828946,20260327210005,2026-03-27T21:00:05Z,8500,2016,acura,mdx,155000,SUV,,excellent,clean,,,,,vertex,gemini-2.5-flash,2026-03-27T21:17:30.870066Z,scrapes/20260327210005/7923828946.txt
7923952902,20260402140006,2026-04-02T14:00:06Z,1550,1998,Subaru,outback,260000,wagon,black,good,clean,Meriden,CT,,private seller,vertex,gemini-2.5-flash,2026-04-02T14:17:16.624207Z,scrapes/20260402140006/7923952902.txt
7923939433,20260402120020,2026-04-02T12:00:20Z,6800,2009,Jeep,Grand Cherokee Laredo,117810,SUV,black,,clean,,,,,vertex,gemini-2.5-flash,2026-04-02T12:16:21.123274Z,scrapes/20260402120020/7923939433.txt
7923948506,20260402080020,2026-04-02T08:00:20Z,7800,2015,Ford,Escape,119500,SUV,Black,,clean,,,,,vertex,gemini-2.5-flash,2026-04-02T08:16:20.703887Z,scrapes/20260402080020/7923948506.txt
7923994935,20260402180016,2026-04-02T18:00:16Z,4700,2013,hyundai,elantra,130000,sedan,red,excellent,clean,Branford,CT,,private seller,vertex,gemini-2.5-flash,2026-04-02T18:16:11.615538Z,scrapes/20260402180016/7923994935.txt
7923917343,20260331170007,2026-03-31T17:00:07Z,4500,2013,volkswagen,golf,139000,,,good,clean,,,,,vertex,gemini-2.5-flash,2026-03-31T17:16:23.339429Z,scrapes/20260331170007/7923917343.txt
7923918053,20260401070006,2026-04-01T07:00:06Z,6000,1986,Chevy,El Camino,1234567,,,good,clean,,,,,vertex,gemini-2.5-flash,2026-04-01T07:16:43.901589Z,scrapes/20260401070006/7923918053.txt
7923911742,20260402180016,2026-04-02T18:00:16Z,3500,2000,Ford,Ranger,104000,pickup,black,good,clean,New Haven,CT,,private seller,vertex,gemini-2.5-flash,2026-04-02T18:16:03.169527Z,scrapes/20260402180016/7923911742.txt
7923995512,20260402150015,2026-04-02T15:00:15Z,5900,2015,volkswagen,jetta,120000,,silver,excellent,clean,Branford,CT,,private seller,vertex,gemini-2.5-flash,2026-04-02T15:17:18.455210Z,scrapes/20260402150015/7923995512.txt
7923854316,20260402090038,2026-04-02T09:00:38Z,3500,2004,Chevy,Silverado 1500,188000,truck,,good,clean,,,,,vertex,gemini-2.5-flash,2026-04-02T09:15:11.821292Z,scrapes/20260402090038/7923854316.txt
7923948552,20260402170026,2026-04-02T17:00:26Z,6800,2013,Hyundai,Elantra,114100,sedan,Gray,good,clean,Stamford,CT,,dealer,vertex,gemini-2.5-flash,2026-04-02T17:37:17.311259Z,scrapes/20260402170026/7923948552.txt
7923916683,20260402070006,2026-04-02T07:00:06Z,1600,2016,Audi,A3,161000,sedan,white,fair,clean,,,,,vertex,gemini-2.5-flash,2026-04-02T07:14:56.404583Z,scrapes/20260402070006/7923916683.txt
7924005476,20260402150015,2026-04-02T15:00:15Z,,2002,Dodge,Neon,150000,,,,clean,Wallingford,CT,,dealer,vertex,gemini-2.5-flash,2026-04-02T15:17:34.215244Z,scrapes/20260402150015/7924005476.txt
7923855738,20260402130024,2026-04-02T13:00:24Z,4500,2008,Acura,TL,144000,sedan,grey,good,rebuilt salvage,,,,,vertex,gemini-2.5-flash,2026-04-02T13:16:07.284484Z,scrapes/20260402130024/7923855738.txt
7923932390,20260402130024,2026-04-02T13:00:24Z,3750,2011,subaru,outback 2.5i premium,190000,wagon,grey,good,clean,,,,,vertex,gemini-2.5-flash,2026-04-02T13:16:24.455448Z,scrapes/20260402130024/7923932390.txt
7923948525,20260402160027,2026-04-02T16:00:27Z,10800,2018,Ford,Edge,137100,SUV,grey,,clean,Stamford,CT,,dealer,vertex,gemini-2.5-flash,2026-04-02T16:17:32.344504Z,scrapes/20260402160027/7923948525.txt
7924043271,20260402110015,2026-04-02T11:00:15Z,5800,2005,Chevrolet,Avalanche,215000,truck,,good,clean,,,,,vertex,gemini-2.5-flash,2026-04-02T11:15:23.781857Z,scrapes/20260402110015/7924043271.txt
7923912455,20260402170026,2026-04-02T17:00:26Z,17000,2019,Audi,A6,42250,sedan,black,excellent,clean,Danbury,CT,,private seller,vertex,gemini-2.5-flash,2026-04-02T17:37:07.610605Z,scrapes/20260402170026/7923912455.txt
7923914038,20260402150015,2026-04-02T15:00:15Z,5500,1997,ford,f-250,131000,truck,blue,good,clean,New Haven,CT,,private seller,vertex,gemini-2.5-flash,2026-04-02T15:16:48.215186Z,scrapes/20260402150015/7923914038.txt
7924057907,20260402120020,2026-04-02T12:00:20Z,139500,2025,Ford,Transit AWD,87,van,,new,clean,,,,,vertex,gemini-2.5-flash,2026-04-02T12:16:36.421220Z,scrapes/20260402120020/7924057907.txt
7924060123,20260331180023,2026-03-31T18:00:23Z,3900,2010,jeep,liberty sport,111000,SUV,black,excellent,clean,,,,,vertex,gemini-2.5-flash,2026-03-31T18:16:11.535531Z,scrapes/20260331180023/7924060123.txt
7924062352,20260402090038,2026-04-02T09:00:38Z,4800,2015,subaru,impreza,183000,hatchback,silver,excellent,clean,,,,,vertex,gemini-2.5-flash,2026-04-02T09:16:05.862908Z,scrapes/20260402090038/7924062352.txt
7924070470,20260402020017,2026-04-02T02:00:17Z,20900,2019,Lexus,RX 350L,149541,SUV,white,like new,clean,,,,,vertex,gemini-2.5-flash,2026-04-02T02:15:00.078573Z,scrapes/20260402020017/7924070470.txt
7924074050,20260402090038,2026-04-02T09:00:38Z,12900,2015,toyota,sienna,159707,van,red,like new,clean,,,,,vertex,gemini-2.5-flash,2026-04-02T09:16:23.063248Z,scrapes/20260402090038/7924074050.txt
7924080975,20260402120020,2026-04-02T12:00:20Z,32920,2018,Lexus,LX 570,75788,,,excellent,clean,,,,,vertex,gemini-2.5-flash,2026-04-02T12:16:57.014179Z,scrapes/20260402120020/7924080975.txt
7924101678,20260402040034,2026-04-02T04:00:34Z,12000,2006,Hummer,H2 3/4 Ton,114800,SUV,yellow,excellent,clean,,,,,vertex,gemini-2.5-flash,2026-04-02T04:16:07.558336Z,scrapes/20260402040034/7924101678.txt
7924073272,20260402130024,2026-04-02T13:00:24Z,7485,2011,BMW,328i Xdrive,96000,sedan,blue,good,clean,,,,,vertex,gemini-2.5-flash,2026-04-02T13:16:31.790907Z,scrapes/20260402130024/7924073272.txt
7924073386,20260402120020,2026-04-02T12:00:20Z,6485,2014,Cadillac,ATS-4 AWD Sport Sedan,130000,sedan,red,excellent,clean,,,,,vertex,gemini-2.5-flash,2026-04-02T12:16:46.926041Z,scrapes/20260402120020/7924073386.txt
7924174179,20260401180006,2026-04-01T18:00:06Z,24950,2018,ford,f-150,40000,truck,black,good,clean,,,,,vertex,gemini-2.5-flash,2026-04-01T18:17:31.408784Z,scrapes/20260401180006/7924174179.txt
7924159050,20260402150015,2026-04-02T15:00:15Z,5000,1967,ford,mustang,,coupe,red,good,clean,Naugatuck,CT,,private seller,vertex,gemini-2.5-flash,2026-04-02T15:17:44.813993Z,scrapes/20260402150015/7924159050.txt
7924202834,20260402120020,2026-04-02T12:00:20Z,3288,2002,Dodge,Neon,150000,,,,clean,,,,,vertex,gemini-2.5-flash,2026-04-02T12:17:15.423251Z,scrapes/20260402120020/7924202834.txt
7924224802,20260402160027,2026-04-02T16:00:27Z,5495,2013,Chevy,Cruze,85000,sedan,tan,good,clean,Milford,CT,,private seller,vertex,gemini-2.5-flash,2026-04-02T16:17:48.453334Z,scrapes/20260402160027/7924224802.txt
7924062938,20260402090038,2026-04-02T09:00:38Z,8500,2008,Chevy,Suburban LT 1500,242000,SUV,black,good,clean,,,,,vertex,gemini-2.5-flash,2026-04-02T09:16:13.226458Z,scrapes/20260402090038/7924062938.txt
7924079929,20260402180016,2026-04-02T18:00:16Z,31920,2019,Toyota,Tundra,59082,,,excellent,clean,New Haven,CT,1,dealer,vertex,gemini-2.5-flash,2026-04-02T18:16:20.568824Z,scrapes/20260402180016/7924079929.txt
7924224692,20260402140006,2026-04-02T14:00:06Z,4950,2013,Chevy,Equinox,138000,SUV,white,good,clean,Milford,CT,,private seller,vertex,gemini-2.5-flash,2026-04-02T14:17:26.847845Z,scrapes/20260402140006/7924224692.txt
7924240885,20260402170026,2026-04-02T17:00:26Z,3500,2008,Mini,Cooper S,134000,hatchback,,excellent,clean,Stratford,CT,,private seller,vertex,gemini-2.5-flash,2026-04-02T17:37:40.333005Z,scrapes/20260402170026/7924240885.txt
7924070156,20260402170026,2026-04-02T17:00:26Z,6885,2012,Jeep,Liberty Limited Sport,114000,SUV,Black Forest Green,excellent,clean,Branford,CT,2,private seller,vertex,gemini-2.5-flash,2026-04-02T17:37:27.651552Z,scrapes/20260402170026/7924070156.txt
7924093354,20260402130024,2026-04-02T13:00:24Z,21000,2017,Subaru,outback 3.6,80000,SUV,white,excellent,clean,,,,,vertex,gemini-2.5-flash,2026-04-02T13:16:38.655869Z,scrapes/20260402130024/7924093354.txt
7924224580,20260331170007,2026-03-31T17:00:07Z,2450,2000,Mercury,Mountaineer,228000,SUV,blue,good,clean,,,,,vertex,gemini-2.5-flash,2026-03-31T17:16:53.139504Z,scrapes/20260331170007/7924224580.txt
7924303723,20260402180016,2026-04-02T18:00:16Z,29955,2018,Ford,F-150,71621,truck,,excellent,clean,New Haven,CT,1,dealer,vertex,gemini-2.5-flash,2026-04-02T18:16:33.221095Z,scrapes/20260402180016/7924303723.txt
7922320344,20260402180016,2026-04-02T18:00:16Z,5000,1985,ford,transit cargo van,15000,van,black,good,clean,Waterbury,CT,,private seller,vertex,gemini-2.5-flash,2026-04-02T18:12:34.593975Z,scrapes/20260402180016/7922320344.txt
7924302745,20260402170026,2026-04-02T17:00:26Z,4000,2001,toyota,land cruiser,273000,SUV,,fair,clean,New Haven,CT,,private seller,vertex,gemini-2.5-flash,2026-04-02T17:37:50.923722Z,scrapes/20260402170026/7924302745.txt
7921732963,20260402110015,2026-04-02T11:00:15Z,1000,1965,Ford,Thunderbird,64000,,silver,good,clean,,,,,vertex,gemini-2.5-flash,2026-04-02T11:12:43.748377Z,scrapes/20260402110015/7921732963.txt
7924329156,20260330050029,2026-03-30T05:00:29Z,9300,2008,ford,f-350,109000,truck,,good,clean,,,,,vertex,gemini-2.5-flash,2026-03-30T05:17:33.978062Z,scrapes/20260330050029/7924329156.txt
7924340657,20260402160027,2026-04-02T16:00:27Z,6900,2015,subaru,legacy,175019,sedan,black,like new,clean,Meriden,CT,1,dealer,vertex,gemini-2.5-flash,2026-04-02T16:18:20.444995Z,scrapes/20260402160027/7924340657.txt
7924302851,20260402160027,2026-04-02T16:00:27Z,48955,2018,Lexus,LC 500,19539,coupe,,excellent,clean,New Haven,CT,1,dealer,vertex,gemini-2.5-flash,2026-04-02T16:18:07.444445Z,scrapes/20260402160027/7924302851.txt
7924323113,20260331160030,2026-03-31T16:00:30Z,1800,2009,Honda,CR-V EX-L,165613,SUV,,good,clean,,,,,vertex,gemini-2.5-flash,2026-03-31T16:16:37.175459Z,scrapes/20260331160030/7924323113.txt
7924332810,20260402170026,2026-04-02T17:00:26Z,2000,2022,acura,tlx,30000,sedan,,,clean,North Haven,CT,,dealer,vertex,gemini-2.5-flash,2026-04-02T17:38:10.510928Z,scrapes/20260402170026/7924332810.txt
7924305807,20260402080020,2026-04-02T08:00:20Z,6000,1958,Ford,pickup,100000,truck,red,,clean,,,,,vertex,gemini-2.5-flash,2026-04-02T08:17:09.163774Z,scrapes/20260402080020/7924305807.txt
7924338874,20260402170026,2026-04-02T17:00:26Z,3500,2012,Honda,Civic,136000,sedan,brown,excellent,clean,Killingworth,CT,,private seller,vertex,gemini-2.5-flash,2026-04-02T17:38:19.132396Z,scrapes/20260402170026/7924338874.txt
7924376322,20260402140006,2026-04-02T14:00:06Z,3288,2002,Dodge,Neon,150000,,,,clean,Wallingford,CT,,dealer,vertex,gemini-2.5-flash,2026-04-02T14:17:39.860714Z,scrapes/20260402140006/7924376322.txt
7924375576,20260402170026,2026-04-02T17:00:26Z,7995,2012,Cadillac,CTS Premium,170000,sedan,blue,excellent,clean,Hamden,CT,,private seller,vertex,gemini-2.5-flash,2026-04-02T17:38:28.410314Z,scrapes/20260402170026/7924375576.txt
7924429406,20260402180016,2026-04-02T18:00:16Z,4200,2018,Kia,soul +,170000,,silver,excellent,clean,Branford,CT,,private seller,vertex,gemini-2.5-flash,2026-04-02T18:16:47.776281Z,scrapes/20260402180016/7924429406.txt
7924262826,20260402110015,2026-04-02T11:00:15Z,1200,1990,Volvo,240,252300,sedan,blue,fair,clean,,,,,vertex,gemini-2.5-flash,2026-04-02T11:15:56.363765Z,scrapes/20260402110015/7924262826.txt
7924386182,20260402180016,2026-04-02T18:00:16Z,13800,2012,TOYOTA,CAMRY SE,93250,sedan,red,excellent,clean,Waterbury,CT,,private seller,vertex,gemini-2.5-flash,2026-04-02T18:16:40.545408Z,scrapes/20260402180016/7924386182.txt
7924444719,20260402150015,2026-04-02T15:00:15Z,8998,2012,Subaru,Outback,130671,Wagon,red,Used,clean,East Granby,CT,,dealer,vertex,gemini-2.5-flash,2026-04-02T15:18:14.848388Z,scrapes/20260402150015/7924444719.txt
7924445814,20260402160027,2026-04-02T16:00:27Z,8500,2019,Ram,Promaster City,201000,van,white,good,clean,West Haven,CT,1,private seller,vertex,gemini-2.5-flash,2026-04-02T16:18:39.990411Z,scrapes/20260402160027/7924445814.txt
7924437904,20260402090038,2026-04-02T09:00:38Z,6885,2013,Infiniti,JX35,139000,SUV,silver,good,clean,,,,,vertex,gemini-2.5-flash,2026-04-02T09:17:06.162950Z,scrapes/20260402090038/7924437904.txt
7924429423,20260402130024,2026-04-02T13:00:24Z,4700,2013,hyundai,elantra,130000,sedan,red,excellent,clean,,,,,vertex,gemini-2.5-flash,2026-04-02T13:16:56.421530Z,scrapes/20260402130024/7924429423.txt
7924494256,20260402140006,2026-04-02T14:00:06Z,2995,2007,Chevrolet,Impala,136320,sedan,brown,good,clean,Shelton,CT,,private seller,vertex,gemini-2.5-flash,2026-04-02T14:17:58.124693Z,scrapes/20260402140006/7924494256.txt
7924429383,20260402060006,2026-04-02T06:00:06Z,5900,2015,volkswagen,jetta,120000,,silver,excellent,clean,,,,,vertex,gemini-2.5-flash,2026-04-02T06:16:27.357687Z,scrapes/20260402060006/7924429383.txt
7924601339,20260402130024,2026-04-02T13:00:24Z,3288,2002,Dodge,Neon,150000,,,,clean,,,,,vertex,gemini-2.5-flash,2026-04-02T13:17:13.669715Z,scrapes/20260402130024/7924601339.txt
7924562729,20260402110015,2026-04-02T11:00:15Z,6000,2011,subaru,outback,150000,SUV,red,excellent,clean,,,,,vertex,gemini-2.5-flash,2026-04-02T11:16:35.864351Z,scrapes/20260402110015/7924562729.txt
7924599111,20260402180016,2026-04-02T18:00:16Z,10399,2002,Ford,Ranger Xlt,131000,truck,grey,like new,clean,Trumbull,CT,,private seller,vertex,gemini-2.5-flash,2026-04-02T18:16:56.968721Z,scrapes/20260402180016/7924599111.txt
7924639916,20260402120020,2026-04-02T12:00:20Z,2000,2006,nissan,quest sl,135000,van,black,good,clean,,,,,vertex,gemini-2.5-flash,2026-04-02T12:17:46.822872Z,scrapes/20260402120020/7924639916.txt
7924587620,20260402150015,2026-04-02T15:00:15Z,1800,2006,honda,accord,233000,sedan,grey,good,clean,New Haven,CT,,private seller,vertex,gemini-2.5-flash,2026-04-02T15:18:24.714798Z,scrapes/20260402150015/7924587620.txt
7924615716,20260402020017,2026-04-02T02:00:17Z,2500,2002,Mercedes,S430,200000,sedan,silver,good,clean,,,,,vertex,gemini-2.5-flash,2026-04-02T02:16:01.252768Z,scrapes/20260402020017/7924615716.txt
7924660924,20260402120020,2026-04-02T12:00:20Z,9998,2016,Subaru,Crosstrek,147973,SUV,white,Used,clean,,,,,vertex,gemini-2.5-flash,2026-04-02T12:17:57.864833Z,scrapes/20260402120020/7924660924.txt
7924590168,20260402020017,2026-04-02T02:00:17Z,7500,1987,Ford,F 150,9000,truck,red,good,clean,,,,,vertex,gemini-2.5-flash,2026-04-02T02:15:47.092973Z,scrapes/20260402020017/7924590168.txt
7924591429,20260402040034,2026-04-02T04:00:34Z,25993,2005,CHEVROLET,EXPRESS 1500,66167,van,BEIGE,good,clean,,,,,vertex,gemini-2.5-flash,2026-04-02T04:16:59.669124Z,scrapes/20260402040034/7924591429.txt
7924666579,20260402070006,2026-04-02T07:00:06Z,25900,2018,Land Rover,Range Rover,101615,SUV,black,,clean,,,,,vertex,gemini-2.5-flash,2026-04-02T07:16:44.604577Z,scrapes/20260402070006/7924666579.txt
7924666742,20260402150015,2026-04-02T15:00:15Z,15900,2015,Chevrolet,Silverado 1500,126474,truck,grey,Used,clean,Bridgeport,CT,,dealer,vertex,gemini-2.5-flash,2026-04-02T15:18:47.314455Z,scrapes/20260402150015/7924666742.txt
7924663819,20260402140006,2026-04-02T14:00:06Z,3700,2013,Hyundai,Sonata,220000,sedan,blue,good,clean,New Haven,CT,,private seller,vertex,gemini-2.5-flash,2026-04-02T14:18:08.924734Z,scrapes/20260402140006/7924663819.txt
7924666673,20260402180016,2026-04-02T18:00:16Z,20950,2018,Land Rover,Range Rover Sport,93146,SUV,white,Used,clean,Bridgeport,CT,,dealer,vertex,gemini-2.5-flash,2026-04-02T18:17:17.568380Z,scrapes/20260402180016/7924666673.txt
7924666689,20260402110015,2026-04-02T11:00:15Z,18995,2017,Ford,F-150,106743,truck,red,Used,clean,,,,,vertex,gemini-2.5-flash,2026-04-02T11:16:49.983441Z,scrapes/20260402110015/7924666689.txt
7924666714,20260402160027,2026-04-02T16:00:27Z,15500,2018,BMW,X2,79633,SUV,black,Used,clean,Bridgeport,CT,,dealer,vertex,gemini-2.5-flash,2026-04-02T16:18:50.085572Z,scrapes/20260402160027/7924666714.txt
7924685126,20260402050025,2026-04-02T05:00:25Z,7900,2012,ACURA,MDX SPORT,166000,SUV,,excellent,clean,,,,,vertex,gemini-2.5-flash,2026-04-02T05:17:00.443296Z,scrapes/20260402050025/7924685126.txt
7924666656,20260402180016,2026-04-02T18:00:16Z,12300,2014,Ford,Econoline Cargo Van,91374,van,white,Used,clean,Bridgeport,CT,,dealer,vertex,gemini-2.5-flash,2026-04-02T18:17:06.581548Z,scrapes/20260402180016/7924666656.txt
7924666730,20260402160027,2026-04-02T16:00:27Z,16750,2023,Hyundai,Elantra,108905,sedan,Ecotronic Gray,Used,clean,Bridgeport,CT,,dealer,vertex,gemini-2.5-flash,2026-04-02T16:19:01.144924Z,scrapes/20260402160027/7924666730.txt
7924666941,20260402110015,2026-04-02T11:00:15Z,14900,2020,Nissan,Rogue,82675,SUV,blue,,clean,,,,,vertex,gemini-2.5-flash,2026-04-02T11:17:06.763053Z,scrapes/20260402110015/7924666941.txt
7924666974,20260402150015,2026-04-02T15:00:15Z,13500,2018,BMW,X1,86540,SUV,white,,clean,Bridgeport,CT,,dealer,vertex,gemini-2.5-flash,2026-04-02T15:19:18.826156Z,scrapes/20260402150015/7924666974.txt
7924667000,20260402140006,2026-04-02T14:00:06Z,175000,1956,Chevrolet,Bel Air,1250,convertible,black,Used,clean,Bridgeport,CT,,dealer,vertex,gemini-2.5-flash,2026-04-02T14:19:32.975409Z,scrapes/20260402140006/7924667000.txt
7924666699,20260402060006,2026-04-02T06:00:06Z,14850,2018,INFINITI,Q50,139096,sedan,white,,clean,,,,,vertex,gemini-2.5-flash,2026-04-02T06:16:52.856696Z,scrapes/20260402060006/7924666699.txt
7924666806,20260402050025,2026-04-02T05:00:25Z,10850,2015,Ford,Fusion,92276,sedan,black,,clean,,,,,vertex,gemini-2.5-flash,2026-04-02T05:16:39.557668Z,scrapes/20260402050025/7924666806.txt
7924667020,20260402180016,2026-04-02T18:00:16Z,12850,2016,Dodge,Grand Caravan,48019,minivan,blue,Used,clean,Bridgeport,CT,,dealer,vertex,gemini-2.5-flash,2026-04-02T18:17:40.368335Z,scrapes/20260402180016/7924667020.txt
7924685857,20260402180016,2026-04-02T18:00:16Z,4800,2010,Chevrolet,Express 2500 Cargo,280000,van,grey,good,clean,Naugatuck,CT,1,private seller,vertex,gemini-2.5-flash,2026-04-02T18:17:58.468771Z,scrapes/20260402180016/7924685857.txt
7924666633,20260402140006,2026-04-02T14:00:06Z,8500,2011,Chevrolet,Tahoe,178907,SUV,red,Used,clean,Bridgeport,CT,,dealer,vertex,gemini-2.5-flash,2026-04-02T14:18:37.260750Z,scrapes/20260402140006/7924666633.txt
7924666965,20260402150015,2026-04-02T15:00:15Z,59000,1969,Chevrolet,Camaro,4664,coupe,blue,Used,clean,Bridgeport,CT,,dealer,vertex,gemini-2.5-flash,2026-04-02T15:19:08.214681Z,scrapes/20260402150015/7924666965.txt
7924666596,20260402000033,2026-04-02T00:00:33Z,15990,2018,GMC,Yukon XL,153518,SUV,white,Used,clean,,,,,vertex,gemini-2.5-flash,2026-04-02T00:16:01.476980Z,scrapes/20260402000033/7924666596.txt
7924685016,20260402180016,2026-04-02T18:00:16Z,15900,1997,Chevrolet,Camaro Z28,130000,coupe,black,good,clean,New Haven,CT,,private seller,vertex,gemini-2.5-flash,2026-04-02T18:17:49.068675Z,scrapes/20260402180016/7924685016.txt
7924752722,20260402130024,2026-04-02T13:00:24Z,8995,2008,chevy,express 3500,170484,van,white,good,clean,,,,,vertex,gemini-2.5-flash,2026-04-02T13:17:48.955427Z,scrapes/20260402130024/7924752722.txt
7924667042,20260402160027,2026-04-02T16:00:27Z,13500,2011,Lexus,LS 460,115212,sedan,blue,Used,clean,Bridgeport,CT,,dealer,vertex,gemini-2.5-flash,2026-04-02T16:19:11.853282Z,scrapes/20260402160027/7924667042.txt
7924666611,20260402140006,2026-04-02T14:00:06Z,17500,1988,Chevrolet,Caprice,69541,wagon,CREAM,Used,clean,Bridgeport,CT,,dealer,vertex,gemini-2.5-flash,2026-04-02T14:18:22.044423Z,scrapes/20260402140006/7924666611.txt
7924813991,20260402110015,2026-04-02T11:00:15Z,3288,2002,Dodge,Neon,150000,,,,clean,,,,,vertex,gemini-2.5-flash,2026-04-02T11:17:22.920649Z,scrapes/20260402110015/7924813991.txt
7924666763,20260402180016,2026-04-02T18:00:16Z,14850,2020,Ford,Fusion,35125,sedan,blue,Used,clean,Bridgeport,CT,,dealer,vertex,gemini-2.5-flash,2026-04-02T18:17:29.469414Z,scrapes/20260402180016/7924666763.txt
7924781477,20260402170026,2026-04-02T17:00:26Z,5500,2015,GMC,TERRAIN SLE-2,140000,SUV,silver,excellent,clean,Shelton,CT,,private seller,vertex,gemini-2.5-flash,2026-04-02T17:39:17.211033Z,scrapes/20260402170026/7924781477.txt
7924823963,20260402140006,2026-04-02T14:00:06Z,4650,2010,Toyota,Corolla LE,190341,sedan,red,good,clean,Branford,CT,1,dealer,vertex,gemini-2.5-flash,2026-04-02T14:19:53.638396Z,scrapes/20260402140006/7924823963.txt
7924825235,20260402180016,2026-04-02T18:00:16Z,5995,2012,Honda,Civic LX,159543,sedan,red,excellent,clean,Branford,CT,1,dealer,vertex,gemini-2.5-flash,2026-04-02T18:18:27.487471Z,scrapes/20260402180016/7924825235.txt
7924666783,20260402150015,2026-04-02T15:00:15Z,9400,2015,Honda,Civic Sedan,130759,sedan,blue,Used,clean,Bridgeport,CT,,dealer,vertex,gemini-2.5-flash,2026-04-02T15:18:58.516086Z,scrapes/20260402150015/7924666783.txt
7924666847,20260402080020,2026-04-02T08:00:20Z,10800,2019,Dodge,Charger,54917,sedan,white,,clean,,,,,vertex,gemini-2.5-flash,2026-04-02T08:17:52.700816Z,scrapes/20260402080020/7924666847.txt
7924666831,20260402170026,2026-04-02T17:00:26Z,9900,2015,Mercedes-Benz,GLK-Class,123897,SUV,red,Used,clean,Bridgeport,CT,,dealer,vertex,gemini-2.5-flash,2026-04-02T17:38:59.511408Z,scrapes/20260402170026/7924666831.txt
7924666859,20260402140006,2026-04-02T14:00:06Z,12990,2016,Honda,Pilot,120070,SUV,white,Used,clean,Bridgeport,CT,,dealer,vertex,gemini-2.5-flash,2026-04-02T14:19:21.924043Z,scrapes/20260402140006/7924666859.txt
7924810376,20260402180016,2026-04-02T18:00:16Z,14200,2016,Mercedes-Benz,Sprinter 3500,200489,van,white,excellent,clean,Hamden,CT,,private seller,vertex,gemini-2.5-flash,2026-04-02T18:18:17.220244Z,scrapes/20260402180016/7924810376.txt
7924666817,20260402100016,2026-04-02T10:00:16Z,18900,2020,Audi,Q3,77916,SUV,Chronos Gray Metallic,Used,clean,,,,,vertex,gemini-2.5-flash,2026-04-02T10:17:19.211337Z,scrapes/20260402100016/7924666817.txt
7924831703,20260402180016,2026-04-02T18:00:16Z,6485,2009,Toyota,Prius Hybrid Hatchback,127000,hatchback,grey,good,clean,Branford,CT,1,private seller,vertex,gemini-2.5-flash,2026-04-02T18:18:36.433090Z,scrapes/20260402180016/7924831703.txt
7924687780,20260402180016,2026-04-02T18:00:16Z,6999,2014,Honda,civic EX,150000,,,excellent,clean,West Hartford,CT,,private seller,vertex,gemini-2.5-flash,2026-04-02T18:18:09.548683Z,scrapes/20260402180016/7924687780.txt
7924887179,20260402120020,2026-04-02T12:00:20Z,3950,2006,Jeep,Grand Cherokee Laredo,130000,SUV,,good,clean,,,,,vertex,gemini-2.5-flash,2026-04-02T12:19:07.724620Z,scrapes/20260402120020/7924887179.txt
7924920866,20260402070006,2026-04-02T07:00:06Z,6000,1986,Chevy,El Camino,1234567,truck,,good,clean,,,,,vertex,gemini-2.5-flash,2026-04-02T07:17:31.504069Z,scrapes/20260402070006/7924920866.txt
7924922065,20260402100016,2026-04-02T10:00:16Z,7500,1987,Ford,F150,79000,truck,red,fair,clean,,,,,vertex,gemini-2.5-flash,2026-04-02T10:17:41.465495Z,scrapes/20260402100016/7924922065.txt
7925022585,20260402100016,2026-04-02T10:00:16Z,6200,2007,Saturn,Vue,165000,SUV,red,excellent,clean,,,,,vertex,gemini-2.5-flash,2026-04-02T10:17:51.417114Z,scrapes/20260402100016/7925022585.txt
7924967328,20260402160027,2026-04-02T16:00:27Z,20999,2018,BMW,X5,100000,SUV,,great condition,clean,Derby,CT,,private seller,vertex,gemini-2.5-flash,2026-04-02T16:19:29.443884Z,scrapes/20260402160027/7924967328.txt
7924892871,20260402170026,2026-04-02T17:00:26Z,7500,2011,Toyota,Tundra,190000,truck,,nice condition inside and out,clean,Wallingford,CT,,private seller,vertex,gemini-2.5-flash,2026-04-02T17:39:33.814373Z,scrapes/20260402170026/7924892871.txt
7923488225,20260402140006,2026-04-02T14:00:06Z,6700,2007,Saturn,Vue,165000,SUV,red,excellent,clean,Southbury,CT,,private seller,vertex,gemini-2.5-flash,2026-04-02T14:15:32.423694Z,scrapes/20260402140006/7923488225.txt
7925084301,20260402170026,2026-04-02T17:00:26Z,44995,2013,ford,e-450,164000,bus,,,clean,New Haven,CT,,dealer,vertex,gemini-2.5-flash,2026-04-02T17:39:41.664422Z,scrapes/20260402170026/7925084301.txt
7925043371,20260402130024,2026-04-02T13:00:24Z,5500,2011,chevy,equinox lt,160000,SUV,black,like new,clean,,,,,vertex,gemini-2.5-flash,2026-04-02T13:17:55.554869Z,scrapes/20260402130024/7925043371.txt
7925003013,20260402080020,2026-04-02T08:00:20Z,85000,1950,Jaguar,MK V Drophead coupe,51000,convertible,red,like new,clean,,,,,vertex,gemini-2.5-flash,2026-04-02T08:18:19.904068Z,scrapes/20260402080020/7925003013.txt
7925112720,20260402180016,2026-04-02T18:00:16Z,14000,2001,BMW,Z3 Roadster,79700,convertible,silver,excellent,clean,Deep River,CT,4,private seller,vertex,gemini-2.5-flash,2026-04-02T18:18:43.795083Z,scrapes/20260402180016/7925112720.txt
7925184822,20260402180016,2026-04-02T18:00:16Z,8300,2017,ford,focus se,56588,coupe,grey,excellent,clean,West Haven,CT,,private seller,vertex,gemini-2.5-flash,2026-04-02T18:18:53.268581Z,scrapes/20260402180016/7925184822.txt
7925186421,20260402180016,2026-04-02T18:00:16Z,18900,2016,toyota,4runner,181790,SUV,white,like new,clean,Meriden,CT,,dealer,vertex,gemini-2.5-flash,2026-04-02T18:18:59.868594Z,scrapes/20260402180016/7925186421.txt
